{
  "type": "FeatureCollection",
  "features": [
    {
      "type": "Feature",
      "properties": {
        "id": "way/1008678100",
        "kind": "mtb-route",
        "name": null,
        "difficulty": null,
        "osmTags": {
          "route:name": "Spirit Mountain Bike Park"
        }
      },
      "geometry": {
        "type": "LineString",
        "coordinates": [
          [-439.55, 704.34, 0],
          [-442.32, 699.71, 0],
          [-450.46, 690.1, 0],
          [-451.62, 687.38, 0],
          [-451.98, 683.32, 0],
          [-453.16, 679.19, 0],
          [-451.81, 674, 0],
          [-449.48, 670.73, 0],
          [-448.38, 667.98, 0],
          [-445.55, 657.63, 0],
          [-443.44, 647.81, 0],
          [-439.48, 640.03, 0],
          [-436.3, 625.27, 0],
          [-432.06, 620.43, 0],
          [-420.03, 615.37, 0],
          [-417.02, 613.09, 0],
          [-416.53, 610.83, 0],
          [-418.56, 604.78, 0],
          [-417.92, 601.62, 0],
          [-411.48, 595.74, 0],
          [-407.67, 592.4, 0],
          [-405.23, 591.73, 0],
          [-399.82, 592.06, 0],
          [-391.73, 591.7, 0],
          [-384.6, 588.96, 0],
          [-367.08, 582.12, 0],
          [-356.14, 583.18, 0],
          [-351.66, 582.28, 0],
          [-343.23, 577.78, 0],
          [-337.62, 578.67, 0],
          [-332.98, 576.53, 0],
          [-332.36, 572.49, 0],
          [-332.59, 567.25, 0],
          [-334.69, 562.92, 0],
          [-339.52, 555.11, 0],
          [-335.03, 548.33, 0]
        ]
      }
    },
    {
      "type": "Feature",
      "properties": {
        "id": "way/1016595884",
        "kind": "downhill-run",
        "name": "Juggler Joe",
        "difficulty": "intermediate",
        "osmTags": {
          "lit": "no",
          "name": "Juggler Joe",
          "piste:difficulty": "intermediate",
          "piste:grooming": "classic",
          "piste:type": "downhill"
        }
      },
      "geometry": {
        "type": "LineString",
        "coordinates": [
          [-182.04, 623.59, 0],
          [-144.48, 595.47, 0],
          [-90.99, 591.66, 0],
          [-65.94, 572.09, 0],
          [-33.46, 556.92, 0],
          [19.36, 557.45, 0],
          [72.36, 539.39, 0],
          [128.3, 539.33, 0],
          [180.44, 546.05, 0],
          [221.53, 538.4, 0],
          [271.39, 524.65, 0],
          [308.61, 531.84, 0],
          [345.39, 520.44, 0],
          [397.91, 525.52, 0],
          [416.8, 527.36, 0],
          [454.42, 555.61, 0],
          [481.6, 571.99, 0],
          [519.81, 604.59, 0],
          [543.46, 635.5, 0]
        ]
      }
    },
    {
      "type": "Feature",
      "properties": {
        "id": "way/1016595885",
        "kind": "downhill-run",
        "name": "Double Jaw",
        "difficulty": "easy",
        "osmTags": {
          "lit": "no",
          "name": "Double Jaw",
          "piste:difficulty": "easy",
          "piste:grooming": "classic",
          "piste:type": "downhill"
        }
      },
      "geometry": {
        "type": "LineString",
        "coordinates": [
          [-207.06, 670.85, 0],
          [-183.74, 654.51, 0],
          [-137.83, 646.76, 0],
          [-94.32, 645.95, 0],
          [-68.92, 639.4, 0],
          [63.88, 596.73, 0],
          [156.49, 611.44, 0],
          [191.58, 598.62, 0],
          [262.47, 594.38, 0],
          [305.46, 583.04, 0],
          [378.43, 589.04, 0],
          [410.59, 589.36, 0],
          [472.83, 640.85, 0]
        ]
      }
    },
    {
      "type": "Feature",
      "properties": {
        "id": "way/1016595886",
        "kind": "downhill-run",
        "name": "Sour Dough Sam",
        "difficulty": "easy",
        "osmTags": {
          "lit": "yes",
          "name": "Sour Dough Sam",
          "piste:difficulty": "easy",
          "piste:grooming": "classic",
          "piste:type": "downhill"
        }
      },
      "geometry": {
        "type": "LineString",
        "coordinates": [
          [-409.63, 713.5, 0],
          [-361.23, 711.94, 0],
          [-306.24, 708.39, 0],
          [-274.58, 719.13, 0],
          [-219.02, 698.42, 0],
          [-199.36, 680.23, 0]
        ]
      }
    },
    {
      "type": "Feature",
      "properties": {
        "id": "way/1016654702",
        "kind": "downhill-run",
        "name": "Powder Monkey",
        "difficulty": "easy",
        "osmTags": {
          "lit": "yes",
          "name": "Powder Monkey",
          "oneway": "yes",
          "piste:difficulty": "easy",
          "piste:grooming": "classic",
          "piste:type": "downhill"
        }
      },
      "geometry": {
        "type": "LineString",
        "coordinates": [
          [-410.46, 758.59, 0],
          [-327.46, 775.29, 0],
          [-263.67, 785.54, 0],
          [-196.98, 791.54, 0],
          [-105.15, 817.71, 0]
        ]
      }
    },
    {
      "type": "Feature",
      "properties": {
        "id": "way/1016654703",
        "kind": "downhill-run",
        "name": "Four Pipe",
        "difficulty": "easy",
        "osmTags": {
          "lit": "yes",
          "name": "Four Pipe",
          "oneway": "yes",
          "piste:difficulty": "easy",
          "piste:grooming": "classic",
          "piste:type": "downhill"
        }
      },
      "geometry": {
        "type": "LineString",
        "coordinates": [
          [-183.2, 689.9, 0],
          [472.83, 640.85, 0],
          [640.89, 628.3, 0]
        ]
      }
    },
    {
      "type": "Feature",
      "properties": {
        "id": "way/1016654704",
        "kind": "downhill-run",
        "name": "Scissor Bill",
        "difficulty": "intermediate",
        "osmTags": {
          "lit": "yes",
          "name": "Scissor Bill",
          "oneway": "yes",
          "piste:difficulty": "intermediate",
          "piste:grooming": "classic",
          "piste:type": "downhill"
        }
      },
      "geometry": {
        "type": "LineString",
        "coordinates": [
          [-159.65, 749.35, 0],
          [-88.16, 739.02, 0],
          [-35.88, 722.47, 0],
          [66.2, 722.41, 0],
          [160.36, 730.12, 0],
          [228.43, 740.76, 0],
          [302.03, 734.03, 0],
          [331.85, 714.76, 0],
          [386.73, 694.5, 0],
          [422.44, 686.49, 0],
          [446.19, 666.8, 0]
        ]
      }
    },
    {
      "type": "Feature",
      "properties": {
        "id": "way/1016654705",
        "kind": "downhill-run",
        "name": "Bindle Stiff",
        "difficulty": "intermediate",
        "osmTags": {
          "lit": "yes",
          "name": "Bindle Stiff",
          "oneway": "yes",
          "piste:difficulty": "intermediate",
          "piste:grooming": "classic",
          "piste:type": "downhill"
        }
      },
      "geometry": {
        "type": "LineString",
        "coordinates": [
          [-71.84, 819.6, 0],
          [33.9, 812.12, 0],
          [136.77, 804.61, 0],
          [210.52, 818.51, 0],
          [286.55, 818.2, 0],
          [331.17, 842.15, 0],
          [373.65, 850.66, 0],
          [432.68, 839.59, 0]
        ]
      }
    },
    {
      "type": "Feature",
      "properties": {
        "id": "way/1016654706",
        "kind": "downhill-run",
        "name": "Log Roller",
        "difficulty": "intermediate",
        "osmTags": {
          "lit": "yes",
          "name": "Log Roller",
          "oneway": "yes",
          "piste:difficulty": "intermediate",
          "piste:grooming": "classic",
          "piste:type": "downhill"
        }
      },
      "geometry": {
        "type": "LineString",
        "coordinates": [
          [321.26, 738.49, 0],
          [364.97, 757.79, 0],
          [396.76, 790.85, 0],
          [426.18, 811.78, 0],
          [432.68, 839.59, 0]
        ]
      }
    },
    {
      "type": "Feature",
      "properties": {
        "id": "way/1016885248",
        "kind": "downhill-run",
        "name": "Skyhooker",
        "difficulty": "intermediate",
        "osmTags": {
          "lit": "yes",
          "name": "Skyhooker",
          "oneway": "yes",
          "piste:difficulty": "intermediate",
          "piste:grooming": "classic",
          "piste:type": "downhill"
        }
      },
      "geometry": {
        "type": "LineString",
        "coordinates": [
          [-63.8, 866.83, 0],
          [-16.78, 876.01, 0],
          [60.22, 878.86, 0],
          [145.56, 873.58, 0],
          [222.31, 865.77, 0],
          [251.16, 864.01, 0],
          [325.33, 854.94, 0],
          [432.68, 839.59, 0]
        ]
      }
    },
    {
      "type": "Feature",
      "properties": {
        "id": "way/1016885249",
        "kind": "downhill-run",
        "name": "Prospector",
        "difficulty": "novice",
        "osmTags": {
          "lit": "yes",
          "name": "Prospector",
          "oneway": "yes",
          "piste:difficulty": "novice",
          "piste:grooming": "classic",
          "piste:type": "downhill"
        }
      },
      "geometry": {
        "type": "LineString",
        "coordinates": [
          [-115.51, 1012.59, 0],
          [-106.28, 922.06, 0]
        ]
      }
    },
    {
      "type": "Feature",
      "properties": {
        "id": "way/1016885250",
        "kind": "downhill-run",
        "name": "Downhill Musher",
        "difficulty": "easy",
        "osmTags": {
          "lit": "yes",
          "name": "Downhill Musher",
          "oneway": "yes",
          "piste:difficulty": "easy",
          "piste:grooming": "classic",
          "piste:type": "downhill"
        }
      },
      "geometry": {
        "type": "LineString",
        "coordinates": [
          [432.68, 839.59, 0],
          [456.36, 832.33, 0],
          [490.08, 828.49, 0],
          [514.28, 815.65, 0],
          [538.45, 793.12, 0],
          [560.66, 762.87, 0],
          [569.01, 739.22, 0],
          [596.28, 717.78, 0],
          [640.35, 693.42, 0],
          [657.45, 674.45, 0],
          [655.87, 656.64, 0]
        ]
      }
    },
    {
      "type": "Feature",
      "properties": {
        "id": "way/1016885251",
        "kind": "downhill-run",
        "name": "Summit Chute",
        "difficulty": "advanced",
        "osmTags": {
          "lit": "yes",
          "name": "Summit Chute",
          "oneway": "yes",
          "piste:difficulty": "advanced",
          "piste:grooming": "classic",
          "piste:type": "downhill"
        }
      },
      "geometry": {
        "type": "LineString",
        "coordinates": [
          [-62.87, 836.05, 0],
          [-21.98, 838.05, 0],
          [0.11, 841.32, 0],
          [18.27, 848.87, 0]
        ]
      }
    },
    {
      "type": "Feature",
      "properties": {
        "id": "way/1016885252",
        "kind": "downhill-run",
        "name": "Flume",
        "difficulty": "intermediate",
        "osmTags": {
          "lit": "yes",
          "name": "Flume",
          "oneway": "yes",
          "piste:difficulty": "intermediate",
          "piste:grooming": "classic",
          "piste:type": "downhill"
        }
      },
      "geometry": {
        "type": "LineString",
        "coordinates": [
          [-61.08, 921.86, 0],
          [-25.37, 887.75, 0]
        ]
      }
    },
    {
      "type": "Feature",
      "properties": {
        "id": "way/1016885253",
        "kind": "downhill-run",
        "name": "Bull Wacker/Blue Ruin",
        "difficulty": "advanced",
        "osmTags": {
          "lit": "yes",
          "name": "Bull Wacker/Blue Ruin",
          "oneway": "yes",
          "piste:difficulty": "advanced",
          "piste:grooming": "classic",
          "piste:type": "downhill"
        }
      },
      "geometry": {
        "type": "LineString",
        "coordinates": [
          [-58.64, 1020.39, 0],
          [-28.81, 989.09, 0],
          [5.37, 957.84, 0],
          [44.32, 946.77, 0],
          [107.69, 948.64, 0],
          [157.38, 951.3, 0],
          [205.82, 954.57, 0],
          [263.67, 948.65, 0],
          [310.42, 934.56, 0],
          [343.31, 940.16, 0],
          [397.06, 971.67, 0],
          [433.86, 980.29, 0]
        ]
      }
    },
    {
      "type": "Feature",
      "properties": {
        "id": "way/1016885254",
        "kind": "downhill-run",
        "name": "Gandy Dancer",
        "difficulty": "advanced",
        "osmTags": {
          "lit": "yes",
          "name": "Gandy Dancer",
          "oneway": "yes",
          "piste:difficulty": "advanced",
          "piste:grooming": "classic",
          "piste:type": "downhill"
        }
      },
      "geometry": {
        "type": "LineString",
        "coordinates": [
          [-61.3, 1037.09, 0],
          [463.42, 985.34, 0]
        ]
      }
    },
    {
      "type": "Feature",
      "properties": {
        "id": "way/1016885255",
        "kind": "downhill-run",
        "name": "Bear Claw",
        "difficulty": "advanced",
        "osmTags": {
          "lit": "yes",
          "name": "Bear Claw",
          "oneway": "yes",
          "piste:difficulty": "advanced",
          "piste:grooming": "classic",
          "piste:type": "downhill"
        }
      },
      "geometry": {
        "type": "LineString",
        "coordinates": [
          [-42.25, 1058.96, 0],
          [69.04, 1053.26, 0],
          [125.79, 1064.66, 0],
          [174.78, 1076, 0],
          [235.34, 1078.77, 0],
          [297.63, 1063.9, 0],
          [343.76, 1050.12, 0],
          [385.17, 1040.93, 0],
          [446.23, 1024.82, 0],
          [464.41, 1009.82, 0]
        ]
      }
    },
    {
      "type": "Feature",
      "properties": {
        "id": "way/1016885256",
        "kind": "downhill-run",
        "name": "Cinder Snapper",
        "difficulty": "intermediate",
        "osmTags": {
          "lit": "yes",
          "name": "Cinder Snapper",
          "oneway": "yes",
          "piste:difficulty": "intermediate",
          "piste:grooming": "classic",
          "piste:type": "downhill"
        }
      },
      "geometry": {
        "type": "LineString",
        "coordinates": [
          [-73.13, 1102.64, 0],
          [76.21, 1114.03, 0],
          [124.88, 1124.12, 0],
          [186.02, 1132.16, 0],
          [245.95, 1135.86, 0],
          [296.89, 1137.62, 0],
          [311.07, 1128.55, 0],
          [335.04, 1113.22, 0],
          [363.22, 1092.44, 0],
          [390.43, 1074.44, 0],
          [424.83, 1052.48, 0],
          [431.9, 1046.17, 0],
          [448.17, 1031.66, 0],
          [457.12, 1023.68, 0]
        ]
      }
    },
    {
      "type": "Feature",
      "properties": {
        "id": "way/1016885257",
        "kind": "downhill-run",
        "name": "Big Air",
        "difficulty": "intermediate",
        "osmTags": {
          "lit": "yes",
          "name": "Big Air",
          "oneway": "yes",
          "piste:difficulty": "intermediate",
          "piste:grooming": "classic",
          "piste:type": "downhill"
        }
      },
      "geometry": {
        "type": "LineString",
        "coordinates": [
          [306.15, 1144.52, 0],
          [406.06, 1158.53, 0],
          [473.11, 1164.16, 0],
          [514.38, 1169.84, 0]
        ]
      }
    },
    {
      "type": "Feature",
      "properties": {
        "id": "way/1016885258",
        "kind": "snow-park",
        "name": "Spirit Park",
        "difficulty": "easy",
        "osmTags": {
          "lit": "yes",
          "name": "Spirit Park",
          "oneway": "yes",
          "piste:difficulty": "easy",
          "piste:grooming": "classic",
          "piste:type": "snow_park"
        }
      },
      "geometry": {
        "type": "LineString",
        "coordinates": [
          [-67.85, 1133.35, 0],
          [16.58, 1182.39, 0],
          [48.94, 1199.25, 0],
          [93.97, 1202.49, 0],
          [169, 1217.8, 0],
          [224.02, 1215.56, 0],
          [300.47, 1213.85, 0],
          [374.69, 1218.61, 0],
          [432.26, 1210.21, 0],
          [494.04, 1184.2, 0],
          [510.58, 1176.93, 0]
        ]
      }
    },
    {
      "type": "Feature",
      "properties": {
        "id": "way/1016885259",
        "kind": "snow-park",
        "name": "Lone Oak Rope Park",
        "difficulty": "easy",
        "osmTags": {
          "lit": "yes",
          "name": "Lone Oak Rope Park",
          "oneway": "yes",
          "piste:difficulty": "easy",
          "piste:grooming": "classic",
          "piste:type": "snow_park"
        }
      },
      "geometry": {
        "type": "LineString",
        "coordinates": [
          [-392.83, 792.24, 0],
          [-330.4, 811.19, 0],
          [-229.79, 825.94, 0],
          [-191.25, 828.08, 0],
          [-173.67, 827.31, 0]
        ]
      }
    },
    {
      "type": "Feature",
      "properties": {
        "id": "way/1016885260",
        "kind": "lift",
        "name": "Lone Oak Rope Tow",
        "difficulty": null,
        "osmTags": {
          "aerialway": "rope_tow",
          "name": "Lone Oak Rope Tow",
          "oneway": "yes"
        }
      },
      "geometry": {
        "type": "LineString",
        "coordinates": [
          [-185.8, 822.23, 0],
          [-357.53, 797.66, 0]
        ]
      }
    },
    {
      "type": "Feature",
      "properties": {
        "id": "way/1040615400",
        "kind": "downhill-run",
        "name": null,
        "difficulty": null,
        "osmTags": {
          "piste:type": "downhill"
        }
      },
      "geometry": {
        "type": "LineString",
        "coordinates": [
          [-192.09, 612.84, 0],
          [-162.21, 574.04, 0]
        ]
      }
    },
    {
      "type": "Feature",
      "properties": {
        "id": "way/1040615401",
        "kind": "downhill-run",
        "name": "Timber Cruiser",
        "difficulty": "intermediate",
        "osmTags": {
          "lit": "no",
          "name": "Timber Cruiser",
          "piste:difficulty": "intermediate",
          "piste:grooming": "classic",
          "piste:type": "downhill"
        }
      },
      "geometry": {
        "type": "LineString",
        "coordinates": [
          [-162.21, 574.04, 0],
          [-149.54, 551.51, 0],
          [-125.79, 529.91, 0],
          [-121.01, 528.39, 0],
          [-105.17, 523.37, 0],
          [-84.87, 522.49, 0],
          [-70.61, 503.75, 0],
          [-54.01, 493.95, 0],
          [-41.98, 496.73, 0],
          [-35.67, 498.18, 0],
          [-15.66, 499.72, 0],
          [4.91, 498.85, 0],
          [23.4, 489.32, 0],
          [43.18, 486.02, 0],
          [70.45, 491.68, 0],
          [88.14, 481.34, 0],
          [103.31, 479.61, 0],
          [114.94, 478.38, 0],
          [128.14, 484.71, 0],
          [152.6, 473.09, 0],
          [168.12, 463.53, 0],
          [183.52, 465.84, 0],
          [207.42, 482.8, 0],
          [228.02, 479.23, 0],
          [252.91, 479.21, 0],
          [270.15, 486.13, 0],
          [287.78, 481.99, 0],
          [309.77, 474.66, 0],
          [347.67, 471.26, 0],
          [380.12, 501.1, 0],
          [383.57, 504.27, 0],
          [397.91, 525.52, 0]
        ]
      }
    },
    {
      "type": "Feature",
      "properties": {
        "id": "way/1110507433",
        "kind": "mtb-trail",
        "name": "Spirit Mountain (Duluth Traverse)",
        "difficulty": "1",
        "osmTags": {
          "bicycle": "designated",
          "difficulty": "easy",
          "foot": "yes",
          "highway": "cycleway",
          "horse": "no",
          "motor_vehicle": "no",
          "mtb:scale": "1",
          "mtb:scale:imba": "1",
          "mtb:type": "crosscountry",
          "name": "Spirit Mountain (Duluth Traverse)",
          "surface": "dirt"
        }
      },
      "geometry": {
        "type": "LineString",
        "coordinates": [
          [641.11, 615.66, 0],
          [639.96, 606.7, 0],
          [632.49, 594.4, 0],
          [624.45, 584.44, 0],
          [613.55, 577.28, 0],
          [597.98, 566.84, 0],
          [586.44, 547.8, 0],
          [573.85, 523.18, 0],
          [562.31, 503.58, 0],
          [547.94, 489.52, 0],
          [533.88, 483.29, 0],
          [519.25, 470.42, 0],
          [506.66, 454.4, 0],
          [500.44, 438.44, 0],
          [498.61, 421.73, 0],
          [498.86, 397.08, 0],
          [498.13, 382.1, 0],
          [496.05, 362.5, 0],
          [493.11, 343.46, 0],
          [490.95, 331.8, 0],
          [484.61, 311.3, 0],
          [476.81, 293.89, 0],
          [469.9, 272.51, 0],
          [461.5, 257.5, 0],
          [447.13, 232.85, 0],
          [432.73, 211.38, 0],
          [416.61, 184.58, 0],
          [375.33, 153.5, 0],
          [345.61, 134.86, 0],
          [313.55, 120.21, 0],
          [286.08, 106.75, 0],
          [255.14, 94.97, 0],
          [225.99, 76.9, 0],
          [200.26, 62.31, 0],
          [177.39, 48.9, 0],
          [157.4, 34.37, 0],
          [146.61, 20.5, 0],
          [139.81, 11.26, 0],
          [131.23, 6.59, 0],
          [123.2, 4.21, 0],
          [116.44, -5.46, 0],
          [115.95, -14.3, 0],
          [117, -17.56, 0],
          [115.01, -21.86, 0],
          [111.49, -22.9, 0],
          [106.98, -25.46, 0],
          [104.23, -29.51, 0],
          [100.21, -31.06, 0],
          [97.46, -32.86, 0],
          [96.24, -37.39, 0],
          [96.33, -46.2, 0],
          [93.63, -54.28, 0],
          [85.38, -61.91, 0],
          [76.13, -71.06, 0],
          [72.27, -76.92, 0],
          [58.73, -102.74, 0],
          [45.11, -119.83, 0],
          [38.33, -129.97, 0],
          [25.64, -148.42, 0],
          [12.58, -174.19, 0],
          [8.77, -181.97, 0],
          [4.92, -189.85, 0],
          [-1.5, -201.14, 0],
          [-4.36, -210.33, 0],
          [-8.89, -216.92, 0],
          [-14.42, -221.55, 0],
          [-18.63, -226.49, 0],
          [-20.86, -234.04, 0],
          [-24.71, -242.26, 0],
          [-32.97, -248.21, 0],
          [-38.45, -253.2, 0],
          [-45.76, -257.88, 0],
          [-47.67, -258.32, 0],
          [-49.92, -259.17, 0],
          [-59.82, -267.38, 0],
          [-66.78, -269.28, 0],
          [-76.66, -272.67, 0],
          [-77.73, -273.37, 0],
          [-81.76, -276.01, 0],
          [-85.38, -279.47, 0],
          [-93.38, -289.3, 0],
          [-95.15, -295.53, 0],
          [-93.98, -302.85, 0],
          [-91.66, -313.79, 0],
          [-91.6, -320.75, 0],
          [-98.82, -331.8, 0],
          [-109.7, -345.44, 0],
          [-114.23, -358.97, 0],
          [-121.33, -369.83, 0],
          [-127.18, -376.1, 0],
          [-130.09, -380.39, 0],
          [-131.02, -386.27, 0],
          [-129.64, -392.15, 0],
          [-126.34, -397.59, 0]
        ]
      }
    },
    {
      "type": "Feature",
      "properties": {
        "id": "way/1110507435",
        "kind": "mtb-trail",
        "name": "Spirit Mountain (Duluth Traverse)",
        "difficulty": "1",
        "osmTags": {
          "bicycle": "designated",
          "foot": "yes",
          "highway": "cycleway",
          "mndnr:collector": "Sundew Technical Services",
          "mndnr:sht_type": "main",
          "mtb:scale": "1",
          "mtb:scale:imba": "1",
          "name": "Spirit Mountain (Duluth Traverse)",
          "source": "mndnr",
          "surface": "ground"
        }
      },
      "geometry": {
        "type": "LineString",
        "coordinates": [
          [723.56, 660.21, 0],
          [722.29, 690.59, 0],
          [713.83, 699.23, 0],
          [690.98, 711.29, 0],
          [660.46, 725.51, 0],
          [648.96, 723.77, 0],
          [636.89, 726.21, 0],
          [635.58, 732.89, 0],
          [640.82, 737.6, 0],
          [642.38, 742.28, 0],
          [639.96, 750.35, 0],
          [606.36, 785.8, 0],
          [595.76, 799.37, 0],
          [578.99, 810.72, 0],
          [574.5, 854.36, 0],
          [577.62, 871.08, 0],
          [576.11, 879.81, 0],
          [570.56, 883.51, 0],
          [568.38, 891.86, 0],
          [566.05, 894.32, 0],
          [563.72, 896.43, 0],
          [559.96, 900.4, 0],
          [559.75, 906.03, 0],
          [558.67, 915.35, 0],
          [555.47, 922.4, 0],
          [553.92, 932.79, 0],
          [555.64, 937.96, 0],
          [558.1, 943.87, 0],
          [556.39, 951.96, 0],
          [556.89, 961.24, 0],
          [558.83, 973.75, 0],
          [559.51, 985.41, 0],
          [565.68, 1008.55, 0],
          [573.69, 1031.09, 0]
        ]
      }
    },
    {
      "type": "Feature",
      "properties": {
        "id": "way/1110512558",
        "kind": "mtb-trail",
        "name": "Ely's Peak (Duluth Traverse)",
        "difficulty": "1",
        "osmTags": {
          "bicycle": "designated",
          "foot": "yes",
          "highway": "cycleway",
          "horse": "no",
          "motor_vehicle": "no",
          "mtb:scale": "1",
          "mtb:scale:imba": "1",
          "name": "Ely's Peak (Duluth Traverse)",
          "surface": "dirt"
        }
      },
      "geometry": {
        "type": "LineString",
        "coordinates": [
          [-3213.85, -3447.15, 0],
          [-3221.6, -3430.94, 0],
          [-3229.52, -3422.01, 0],
          [-3247.05, -3415.56, 0],
          [-3254.94, -3408.44, 0],
          [-3259.87, -3398.27, 0],
          [-3256.35, -3388.03, 0],
          [-3243.74, -3383.71, 0],
          [-3232.31, -3380.6, 0],
          [-3235.4, -3373.41, 0],
          [-3247.03, -3354.31, 0],
          [-3262.27, -3334.64, 0],
          [-3269.7, -3313.68, 0],
          [-3283.2, -3287.38, 0],
          [-3289.49, -3260.58, 0],
          [-3296.27, -3231.76, 0],
          [-3304.12, -3193.99, 0],
          [-3311.54, -3170.45, 0],
          [-3310.08, -3154.34, 0],
          [-3308.1, -3136.6, 0],
          [-3310.89, -3125.9, 0],
          [-3305.11, -3110.27, 0],
          [-3299.88, -3094.12, 0],
          [-3302.73, -3076.98, 0],
          [-3306.09, -3056.81, 0],
          [-3311.41, -3026.21, 0],
          [-3315, -3001.17, 0],
          [-3319.68, -2978.37, 0],
          [-3324.39, -2953.89, 0],
          [-3331.28, -2933.9, 0],
          [-3329.14, -2923.85, 0],
          [-3324.83, -2917.07, 0]
        ]
      }
    },
    {
      "type": "Feature",
      "properties": {
        "id": "way/1110512562",
        "kind": "mtb-trail",
        "name": "Sargent Creek (Duluth Traverse)",
        "difficulty": "1",
        "osmTags": {
          "bicycle": "yes",
          "foot": "yes",
          "highway": "cycleway",
          "mtb:scale": "1",
          "mtb:scale:imba": "1",
          "name": "Sargent Creek (Duluth Traverse)",
          "surface": "dirt"
        }
      },
      "geometry": {
        "type": "LineString",
        "coordinates": [
          [-3354.67, -2878.89, 0],
          [-3358.02, -2868.5, 0],
          [-3369.28, -2856.34, 0],
          [-3385.57, -2841.16, 0],
          [-3406.7, -2827.61, 0],
          [-3421.16, -2818.2, 0],
          [-3436.4, -2810.39, 0],
          [-3461.65, -2798.29, 0],
          [-3490.13, -2783.85, 0],
          [-3510.97, -2774.48, 0],
          [-3533.5, -2764.02, 0],
          [-3586.4, -2741.04, 0],
          [-3620.48, -2724.66, 0],
          [-3646.53, -2712.17, 0],
          [-3657.09, -2711.53, 0],
          [-3676.36, -2704.41, 0]
        ]
      }
    },
    {
      "type": "Feature",
      "properties": {
        "id": "way/1180257595",
        "kind": "mtb-trail",
        "name": "Stone Age",
        "difficulty": "3",
        "osmTags": {
          "bicycle": "designated",
          "difficulty": "black diamond",
          "foot": "yes",
          "highway": "cycleway",
          "horse": "no",
          "mtb:scale": "3",
          "mtb:scale:imba": "3",
          "name": "Stone Age",
          "oneway": "yes"
        }
      },
      "geometry": {
        "type": "LineString",
        "coordinates": [
          [-3058.7, -3484.65, 0],
          [-3054.86, -3475.73, 0],
          [-3055.2, -3470.46, 0],
          [-3057.01, -3464.63, 0],
          [-3063.83, -3458.26, 0],
          [-3067.69, -3452.74, 0],
          [-3070.38, -3446.92, 0],
          [-3076.02, -3440.54, 0],
          [-3077.22, -3437.04, 0],
          [-3074.6, -3434.67, 0],
          [-3067.56, -3435.79, 0],
          [-3060.52, -3435.42, 0],
          [-3053.48, -3435.65, 0],
          [-3045.81, -3439.38, 0],
          [-3037.9, -3438.43, 0],
          [-3020, -3439.14, 0],
          [-3009.45, -3437.57, 0],
          [-3008.3, -3435.22, 0],
          [-3016.8, -3435.88, 0],
          [-3027.67, -3433.94, 0],
          [-3036.48, -3433.44, 0],
          [-3042.37, -3430.87, 0],
          [-3044.17, -3426.2, 0],
          [-3044.22, -3421.23, 0],
          [-3049.55, -3416.89, 0],
          [-3056.03, -3414.03, 0],
          [-3064.83, -3413.53, 0],
          [-3069.26, -3411.23, 0],
          [-3072.21, -3408.34, 0],
          [-3071.66, -3404.24, 0],
          [-3074.91, -3401.93, 0],
          [-3078.77, -3398.16, 0],
          [-3082.6, -3396.15, 0],
          [-3082.94, -3391.48, 0],
          [-3079.71, -3388.61, 0],
          [-3074.41, -3387.05, 0],
          [-3066.83, -3387.23, 0],
          [-3059.74, -3389.18, 0],
          [-3055.2, -3388.63, 0],
          [-3054.47, -3385.85, 0],
          [-3056.03, -3381.84, 0],
          [-3059.34, -3378.34, 0],
          [-3068.47, -3374.91, 0],
          [-3077.59, -3371.72, 0],
          [-3086.96, -3368.79, 0],
          [-3094.32, -3365.08, 0],
          [-3099.92, -3360.6, 0],
          [-3101.99, -3355.84, 0],
          [-3100.5, -3352.05, 0],
          [-3094.96, -3350.74, 0],
          [-3086.09, -3353.92, 0],
          [-3083.27, -3358.93, 0],
          [-3079.96, -3361.92, 0],
          [-3074.65, -3361.37, 0],
          [-3068.6, -3361.06, 0],
          [-3063.51, -3365.05, 0],
          [-3059.41, -3371.04, 0],
          [-3056.35, -3374.79, 0],
          [-3051.29, -3375.25, 0],
          [-3048.24, -3377.24, 0],
          [-3040.1, -3382.95, 0],
          [-3026.4, -3389.87, 0],
          [-3007.92, -3393.97, 0],
          [-2995.52, -3396.63, 0],
          [-2989.94, -3399.09, 0],
          [-2985.61, -3402.83, 0],
          [-2977.99, -3407.29, 0],
          [-2971.64, -3410.75, 0],
          [-2957.26, -3412.35, 0],
          [-2953.81, -3412.63, 0],
          [-2936.1, -3411.34, 0],
          [-2925.4, -3408.69, 0],
          [-2910.01, -3396.23, 0],
          [-2898.98, -3386.36, 0],
          [-2889.7, -3385.83, 0],
          [-2887.54, -3378.95, 0],
          [-2883.62, -3372.99, 0],
          [-2875.67, -3371.62, 0],
          [-2873, -3359.29, 0],
          [-2867.26, -3354.71, 0],
          [-2866.06, -3349.75, 0],
          [-2858.55, -3348.82, 0],
          [-2853.13, -3347.46, 0],
          [-2848.92, -3338.09, 0],
          [-2842.39, -3329.72, 0],
          [-2836.64, -3322.88, 0],
          [-2832.43, -3314.78, 0],
          [-2831.74, -3307.22, 0],
          [-2835.4, -3293.91, 0],
          [-2841.03, -3286.16, 0],
          [-2851.66, -3275.81, 0],
          [-2863.78, -3267.12, 0],
          [-2871.98, -3259.79, 0],
          [-2880.77, -3257.86, 0],
          [-2885.42, -3260.28, 0],
          [-2888.21, -3264.18, 0],
          [-2898.11, -3264.62, 0],
          [-2910.12, -3266.14, 0],
          [-2923.53, -3270.51, 0],
          [-2930.9, -3276.22, 0],
          [-2937.54, -3284.74, 0],
          [-2944.27, -3299.03, 0],
          [-2951.79, -3311.68, 0],
          [-2961.24, -3321.64, 0],
          [-2973.89, -3330.23, 0],
          [-2975.26, -3334.82, 0],
          [-2966.37, -3339.67, 0],
          [-2962.43, -3345.63, 0],
          [-2958.81, -3353.71, 0],
          [-2952.34, -3365.28, 0],
          [-2948, -3375.47, 0],
          [-2947.96, -3379.34, 0],
          [-2952.2, -3379.74, 0],
          [-2956.81, -3379.07, 0],
          [-2959.33, -3374.52, 0],
          [-2962.21, -3368.9, 0],
          [-2966.49, -3365.06, 0],
          [-2974.31, -3360.9, 0],
          [-2982.46, -3359.57, 0],
          [-2990.61, -3357.18, 0],
          [-3000.21, -3352.33, 0],
          [-3007.68, -3348.53, 0],
          [-3011.6, -3345.39, 0],
          [-3010.23, -3340.08, 0],
          [-3006.41, -3333, 0],
          [-2999.74, -3328, 0],
          [-2999.43, -3323.06, 0],
          [-3001.96, -3317.45, 0],
          [-3004.48, -3313.23, 0],
          [-3001.68, -3309.69, 0],
          [-2992.14, -3308.18, 0],
          [-2991.83, -3304.3, 0],
          [-2993.63, -3300.44, 0],
          [-3003.57, -3296.3, 0],
          [-3017.79, -3289.38, 0],
          [-3026.71, -3280.65, 0],
          [-3029.25, -3274.33, 0],
          [-3030.02, -3268.34, 0],
          [-3027.26, -3261.26, 0],
          [-3018.84, -3253.07, 0],
          [-3013.26, -3244.91, 0],
          [-3008.72, -3238.16, 0],
          [-3005.6, -3231.79, 0],
          [-3005.66, -3225.44, 0],
          [-3011.19, -3219.81, 0],
          [-3018.32, -3219.08, 0],
          [-3022.33, -3213.99, 0],
          [-3031.89, -3206.59, 0],
          [-3038.31, -3197.18, 0],
          [-3040.75, -3190.1, 0],
          [-3039.63, -3183.78, 0],
          [-3031.78, -3176.99, 0],
          [-3028.25, -3173.01, 0],
          [-3028.34, -3163.95, 0],
          [-3034.33, -3157.29, 0],
          [-3041.17, -3146.71, 0],
          [-3046.8, -3136.11, 0],
          [-3048.7, -3126.78, 0],
          [-3045.08, -3117.73, 0],
          [-3041.85, -3111.97, 0],
          [-3037.86, -3100.46, 0],
          [-3030.51, -3095.48, 0],
          [-3016.61, -3087.57, 0],
          [-3010.51, -3080.54, 0],
          [-3004.42, -3073.94, 0],
          [-3003.24, -3067.78, 0],
          [-3002.97, -3053.44, 0],
          [-2998.98, -3040.72, 0],
          [-3001.52, -3032.95, 0],
          [-3009.36, -3028.11, 0],
          [-3022.18, -3020.04, 0],
          [-3027.89, -3016.41, 0],
          [-3030.42, -3009.87, 0],
          [-3033.79, -3001.72, 0],
          [-3038.82, -2990.71, 0],
          [-3043.81, -2984.61, 0],
          [-3046.39, -2971.94, 0],
          [-3046.08, -2960.88, 0],
          [-3045.33, -2953.49, 0],
          [-3047.43, -2949.01, 0],
          [-3052.3, -2955.21, 0],
          [-3056.75, -2962.62, 0],
          [-3064.51, -2967.6, 0],
          [-3068.57, -2972.55, 0],
          [-3066.88, -2977.05, 0],
          [-3057.01, -2978.59, 0],
          [-3051.55, -2991.24, 0],
          [-3050.23, -3000.64, 0],
          [-3050.11, -3012.93, 0],
          [-3044.28, -3021.06, 0],
          [-3037.24, -3027.14, 0],
          [-3036.78, -3032.46, 0],
          [-3044.13, -3042.3, 0],
          [-3050.1, -3047.99, 0],
          [-3056.67, -3063.56, 0],
          [-3064.36, -3073.16, 0],
          [-3069.98, -3077.45, 0],
          [-3080.91, -3080.37, 0],
          [-3093.65, -3079.78, 0],
          [-3099.71, -3075.26, 0],
          [-3105.04, -3072.49, 0],
          [-3111.4, -3073.96, 0],
          [-3123.03, -3078.31, 0],
          [-3130.4, -3083.65, 0],
          [-3139.52, -3092.91, 0],
          [-3147.17, -3105.68, 0],
          [-3157.73, -3118.11, 0],
          [-3167.96, -3121.03, 0],
          [-3175.01, -3123.91, 0],
          [-3180.6, -3131.72, 0],
          [-3186.19, -3138.83, 0],
          [-3192.52, -3143.12, 0],
          [-3199.95, -3142.49, 0],
          [-3208.14, -3136.57, 0],
          [-3213.52, -3128.51, 0],
          [-3221.74, -3120.12, 0],
          [-3224.99, -3112.75, 0],
          [-3225.06, -3105.69, 0],
          [-3221.93, -3099.32, 0],
          [-3218.46, -3092.59, 0],
          [-3222.38, -3089.46, 0],
          [-3228.73, -3091.28, 0],
          [-3245.23, -3103.77, 0],
          [-3254.4, -3107.04, 0],
          [-3259.73, -3105.32, 0],
          [-3264.03, -3099.02, 0],
          [-3264.08, -3094.08, 0],
          [-3263.79, -3087.02, 0],
          [-3265.61, -3082.11, 0],
          [-3267.68, -3086.7, 0],
          [-3268.33, -3093.06, 0],
          [-3273.28, -3093.1, 0],
          [-3278.74, -3092.11, 0]
        ]
      }
    },
    {
      "type": "Feature",
      "properties": {
        "id": "way/1182475842",
        "kind": "mtb-route",
        "name": null,
        "difficulty": null,
        "osmTags": {
          "route:name": "Spirit Mountain Bike Park"
        }
      },
      "geometry": {
        "type": "LineString",
        "coordinates": [
          [-91.47, 1144.36, 0],
          [-86.77, 1162.8, 0],
          [-82.08, 1169.27, 0],
          [-76.96, 1174, 0],
          [-65.96, 1177.62, 0],
          [-53.15, 1170.58, 0],
          [-36.25, 1158.97, 0],
          [-16.53, 1138.76, 0],
          [-10.83, 1137.5, 0],
          [-5.36, 1140.15, 0],
          [-3.23, 1144.63, 0],
          [-6.94, 1155.11, 0],
          [-22.41, 1178.57, 0],
          [-22.66, 1182.36, 0],
          [-19.34, 1189.2, 0],
          [-14.77, 1191.29, 0],
          [-8.39, 1190.69, 0],
          [4.61, 1176.76, 0],
          [15.04, 1166.54, 0],
          [20.72, 1151.43, 0],
          [26.7, 1126.09, 0],
          [29.16, 1115.67, 0],
          [32.68, 1100.46, 0],
          [34.38, 1094.52, 0],
          [38.4, 1093.69, 0],
          [43.09, 1093.54, 0],
          [44.91, 1095.15, 0],
          [43.88, 1109.09, 0],
          [47.38, 1118.78, 0],
          [48.07, 1125.28, 0],
          [48.45, 1128.9, 0],
          [46.15, 1149.54, 0],
          [47.24, 1154.31, 0],
          [54.4, 1158.12, 0],
          [58.71, 1156.98, 0],
          [66.83, 1142.63, 0],
          [70.21, 1133.82, 0],
          [72.44, 1120.72, 0],
          [76.76, 1104.96, 0],
          [83.36, 1099.09, 0],
          [89.08, 1100.89, 0],
          [95.29, 1106.25, 0],
          [98.75, 1119.96, 0]
        ]
      }
    },
    {
      "type": "Feature",
      "properties": {
        "id": "way/1183482171",
        "kind": "nordic-trail",
        "name": null,
        "difficulty": "easy",
        "osmTags": {
          "highway": "service",
          "network": "Upper Spirit Mountain",
          "operator": "DXC",
          "piste:difficulty": "easy",
          "piste:grooming": "classic+skating",
          "piste:oneway": "yes",
          "piste:type": "nordic",
          "surface": "compacted"
        }
      },
      "geometry": {
        "type": "LineString",
        "coordinates": [
          [-454.39, 523.65, 0],
          [-461.1, 523.65, 0],
          [-472.39, 521.31, 0],
          [-479.53, 519.83, 0],
          [-489.81, 511.98, 0],
          [-496.91, 503.47, 0],
          [-501.13, 494.33, 0]
        ]
      }
    },
    {
      "type": "Feature",
      "properties": {
        "id": "way/1183482196",
        "kind": "nordic-trail",
        "name": null,
        "difficulty": "easy",
        "osmTags": {
          "highway": "track",
          "network": "Upper Spirit Mountain",
          "operator": "DXC",
          "piste:difficulty": "easy",
          "piste:grooming": "classic+skating",
          "piste:oneway": "yes",
          "piste:type": "nordic"
        }
      },
      "geometry": {
        "type": "LineString",
        "coordinates": [
          [-626.84, 211.99, 0],
          [-605.79, 194.65, 0],
          [-584.88, 183.13, 0],
          [-574.02, 182.49, 0],
          [-562.77, 187.4, 0],
          [-554.62, 201.46, 0],
          [-553.83, 213.34, 0],
          [-562.26, 227.38, 0],
          [-576.06, 236.1, 0],
          [-585.31, 241.42, 0],
          [-593.93, 254.85, 0]
        ]
      }
    },
    {
      "type": "Feature",
      "properties": {
        "id": "way/1183482198",
        "kind": "nordic-trail",
        "name": null,
        "difficulty": "easy",
        "osmTags": {
          "highway": "service",
          "network": "Upper Spirit Mountain",
          "operator": "DXC",
          "piste:difficulty": "easy",
          "piste:grooming": "classic+skating",
          "piste:oneway": "yes",
          "piste:type": "nordic",
          "surface": "compacted"
        }
      },
      "geometry": {
        "type": "LineString",
        "coordinates": [
          [-501.13, 494.33, 0],
          [-487.78, 485.21, 0],
          [-490.05, 473.28, 0],
          [-502.41, 462.59, 0],
          [-505.74, 451.06, 0],
          [-507.54, 444.83, 0],
          [-501.23, 424.27, 0],
          [-493.13, 418.77, 0],
          [-491.7, 417.79, 0],
          [-483.61, 412.28, 0],
          [-474.61, 411.2, 0],
          [-453.07, 408.62, 0],
          [-439.42, 412.9, 0],
          [-434.82, 414.34, 0],
          [-425.59, 425.18, 0],
          [-417.78, 434.35, 0],
          [-416.27, 435.64, 0],
          [-401.64, 448.26, 0],
          [-395.86, 453.25, 0]
        ]
      }
    },
    {
      "type": "Feature",
      "properties": {
        "id": "way/1183482199",
        "kind": "nordic-trail",
        "name": null,
        "difficulty": "easy",
        "osmTags": {
          "highway": "service",
          "network": "Upper Spirit Mountain",
          "operator": "DXC",
          "piste:difficulty": "easy",
          "piste:grooming": "classic+skating",
          "piste:oneway": "yes",
          "piste:type": "nordic",
          "surface": "compacted"
        }
      },
      "geometry": {
        "type": "LineString",
        "coordinates": [
          [-395.86, 453.25, 0],
          [-390.16, 458.15, 0],
          [-387.07, 467.17, 0],
          [-388, 480.64, 0],
          [-400.61, 495.06, 0],
          [-404.63, 497.17, 0],
          [-425.28, 507.98, 0],
          [-428.87, 509.85, 0]
        ]
      }
    },
    {
      "type": "Feature",
      "properties": {
        "id": "way/1183482200",
        "kind": "nordic-trail",
        "name": null,
        "difficulty": "easy",
        "osmTags": {
          "highway": "service",
          "network": "Upper Spirit Mountain",
          "operator": "DXC",
          "piste:difficulty": "easy",
          "piste:grooming": "classic+skating",
          "piste:oneway": "yes",
          "piste:type": "nordic"
        }
      },
      "geometry": {
        "type": "LineString",
        "coordinates": [
          [-428.87, 509.85, 0],
          [-444.6, 520.93, 0],
          [-454.39, 523.65, 0]
        ]
      }
    },
    {
      "type": "Feature",
      "properties": {
        "id": "way/1183501106",
        "kind": "mtb-route",
        "name": null,
        "difficulty": null,
        "osmTags": {
          "route:name": "Spirit Mountain Bike Park"
        }
      },
      "geometry": {
        "type": "LineString",
        "coordinates": [
          [-353.29, 390.21, 0],
          [-354.89, 379.92, 0],
          [-353.98, 375.1, 0],
          [-349.95, 370.45, 0],
          [-343.22, 366.69, 0],
          [-341.47, 361.74, 0],
          [-342.14, 358.04, 0],
          [-346.79, 353.03, 0],
          [-360.05, 339.98, 0],
          [-377.19, 331.43, 0],
          [-383.85, 328.53, 0],
          [-386.8, 324.81, 0],
          [-390.07, 323.5, 0],
          [-393.89, 321.2, 0],
          [-396.41, 316.91, 0],
          [-400.33, 313.38, 0]
        ]
      }
    },
    {
      "type": "Feature",
      "properties": {
        "id": "way/1183501108",
        "kind": "mtb-route",
        "name": null,
        "difficulty": null,
        "osmTags": {
          "route:name": "Spirit Mountain Bike Park"
        }
      },
      "geometry": {
        "type": "LineString",
        "coordinates": [
          [-326.77, 41.6, 0],
          [-316.63, 48.6, 0],
          [-309.11, 52.76, 0],
          [-308.81, 48.83, 0],
          [-313.76, 35.4, 0],
          [-315.45, 14.83, 0],
          [-316.93, -4.82, 0],
          [-318.35, -35.21, 0],
          [-318.75, -51.92, 0],
          [-316.22, -60.21, 0],
          [-313.36, -68.5, 0],
          [-308.06, -75.64, 0],
          [-301.67, -92.76, 0],
          [-296.62, -106.51, 0],
          [-293.63, -113.14, 0],
          [-290.23, -119.92, 0],
          [-284.68, -123.75, 0],
          [-276.26, -129.48, 0],
          [-263.28, -131.59, 0],
          [-250.11, -127.87, 0],
          [-238.1, -123.19, 0],
          [-232.49, -117.81, 0],
          [-229.99, -112.24, 0],
          [-227.01, -109.11, 0],
          [-225.02, -109.43, 0],
          [-221.98, -112.16, 0],
          [-219.79, -120.68, 0],
          [-215.61, -138.15, 0],
          [-211.94, -144.5, 0],
          [-206.78, -147.43, 0],
          [-200.52, -147.93, 0],
          [-194.84, -144.9, 0],
          [-190.3, -143.85, 0],
          [-186, -146.8, 0],
          [-184.37, -153.16, 0],
          [-180.03, -159.8, 0],
          [-175.68, -167.7, 0],
          [-175.3, -177.63, 0],
          [-174.63, -189.93, 0]
        ]
      }
    },
    {
      "type": "Feature",
      "properties": {
        "id": "way/1183750175",
        "kind": "mtb-route",
        "name": null,
        "difficulty": null,
        "osmTags": {
          "route:name": "Spirit Mountain Bike Park"
        }
      },
      "geometry": {
        "type": "LineString",
        "coordinates": [
          [-314.88, 498.32, 0],
          [-313.55, 494.62, 0],
          [-309.61, 489.55, 0],
          [-308.59, 476.83, 0],
          [-306.44, 461.16, 0],
          [-304.08, 453.82, 0],
          [-293.14, 442.16, 0],
          [-286.97, 432.26, 0],
          [-287.61, 414.42, 0],
          [-277.98, 373.78, 0],
          [-270.76, 363.13, 0],
          [-259.59, 358.33, 0],
          [-240.44, 357.79, 0],
          [-229.12, 356.82, 0],
          [-217.76, 351.11, 0],
          [-210.85, 342.64, 0],
          [-209.57, 328.15, 0],
          [-204.99, 322.54, 0],
          [-200.79, 318.45, 0],
          [-199.73, 307.91, 0],
          [-200.37, 295.85, 0],
          [-197.49, 290.8, 0],
          [-163.21, 282.66, 0],
          [-159.98, 280.62, 0],
          [-160.31, 276.48, 0],
          [-161.3, 270.64, 0]
        ]
      }
    },
    {
      "type": "Feature",
      "properties": {
        "id": "way/1183762515",
        "kind": "mtb-route",
        "name": null,
        "difficulty": null,
        "osmTags": {
          "route:name": "Spirit Mountain Bike Park"
        }
      },
      "geometry": {
        "type": "LineString",
        "coordinates": [
          [-124.3, 290.3, 0],
          [-111.39, 287.98, 0],
          [-107.83, 283.52, 0],
          [-107.39, 278.85, 0],
          [-104.08, 260.93, 0],
          [-91.4, 245.44, 0],
          [-78, 237.19, 0],
          [-61.72, 233.65, 0],
          [-44.73, 236.16, 0],
          [-30.95, 247.8, 0],
          [-29.45, 255.24, 0],
          [-27.39, 264.43, 0],
          [-17.93, 277.59, 0],
          [-9.39, 284.9, 0],
          [-5.33, 289.62, 0],
          [-0.44, 290.45, 0],
          [2.72, 287.36, 0],
          [5.57, 276.46, 0],
          [10.38, 265.58, 0],
          [16.35, 255.5, 0],
          [31.72, 240.1, 0],
          [49.96, 222.07, 0],
          [55.25, 218.15, 0],
          [65.79, 214.91, 0],
          [72.81, 205.96, 0],
          [78.94, 194.31, 0],
          [89.68, 175.07, 0],
          [98.98, 169.1, 0],
          [114.52, 169.46, 0],
          [130.37, 159.99, 0],
          [162.52, 135.49, 0],
          [196.81, 111.25, 0],
          [198.6, 108.15, 0],
          [197.7, 100.73, 0],
          [199.54, 92.74, 0],
          [204.71, 84.99, 0],
          [210.28, 79.1, 0]
        ]
      }
    },
    {
      "type": "Feature",
      "properties": {
        "id": "way/1183762517",
        "kind": "mtb-route",
        "name": null,
        "difficulty": null,
        "osmTags": {
          "route:name": "Spirit Mountain Bike Park"
        }
      },
      "geometry": {
        "type": "LineString",
        "coordinates": [
          [-202.7, 641.18, 0],
          [-188.29, 663.26, 0],
          [-179.01, 678.06, 0],
          [-153.32, 692.62, 0],
          [-136.72, 714.04, 0],
          [-125.2, 723.23, 0],
          [-121.24, 724.01, 0],
          [-111.32, 720.89, 0],
          [-101.15, 715.74, 0],
          [-95.72, 715.42, 0],
          [-79.36, 718.29, 0],
          [-62.26, 723.82, 0],
          [-45.5, 735.39, 0],
          [-44.84, 738.58, 0],
          [-47.7, 744.85, 0],
          [-50.66, 749.99, 0],
          [-52.59, 757.81, 0],
          [-50.8, 764.02, 0],
          [-49.18, 767.76, 0],
          [-44.64, 770.17, 0],
          [-38.84, 770.03, 0],
          [-32.58, 765.65, 0],
          [-25.83, 763.65, 0],
          [-15.86, 761.27, 0],
          [-3.32, 760.78, 0],
          [0.03, 760.42, 0]
        ]
      }
    },
    {
      "type": "Feature",
      "properties": {
        "id": "way/1183762518",
        "kind": "mtb-route",
        "name": null,
        "difficulty": null,
        "osmTags": {
          "route:name": "Spirit Mountain Bike Park"
        }
      },
      "geometry": {
        "type": "LineString",
        "coordinates": [
          [-396.26, 711.8, 0],
          [-383.27, 709.1, 0],
          [-376.14, 710.98, 0],
          [-369.44, 718.8, 0],
          [-368.36, 722.25, 0],
          [-363.79, 731.83, 0],
          [-361.25, 734.29, 0],
          [-358.38, 736.31, 0],
          [-355.5, 737.11, 0],
          [-352.93, 735.81, 0],
          [-348.68, 732.64, 0],
          [-343.21, 731.36, 0],
          [-335.88, 731.88, 0],
          [-332.22, 732.36, 0],
          [-326.4, 728.32, 0],
          [-324.29, 728.34, 0],
          [-318.32, 732.5, 0],
          [-312.27, 738.54, 0],
          [-309.26, 737.68, 0],
          [-305.57, 735.17, 0],
          [-295.96, 730.17, 0],
          [-290.96, 726.99, 0],
          [-283.93, 714.5, 0],
          [-270.81, 708.8, 0],
          [-261.85, 707.92, 0],
          [-245.72, 706.33, 0],
          [-233.17, 712.41, 0],
          [-220.64, 718.29, 0],
          [-208.49, 720.92, 0],
          [-195.24, 719.8, 0],
          [-177.98, 715.15, 0],
          [-165.94, 709.41, 0],
          [-149.77, 709.15, 0],
          [-136.72, 714.04, 0]
        ]
      }
    },
    {
      "type": "Feature",
      "properties": {
        "id": "way/1183762519",
        "kind": "mtb-route",
        "name": null,
        "difficulty": null,
        "osmTags": {
          "route:name": "Spirit Mountain Bike Park"
        }
      },
      "geometry": {
        "type": "LineString",
        "coordinates": [
          [-439.55, 704.34, 0],
          [-425.06, 700.56, 0],
          [-409.55, 704.06, 0],
          [-396.26, 711.8, 0],
          [-380.89, 715.85, 0],
          [-375.48, 720.93, 0],
          [-360.79, 743.48, 0],
          [-349.47, 762.93, 0],
          [-333.24, 776.95, 0],
          [-328.22, 781.41, 0],
          [-303.27, 822.34, 0],
          [-299.12, 832.13, 0],
          [-298.78, 844.41, 0],
          [-298.79, 860.66, 0],
          [-303.26, 877.63, 0],
          [-307.52, 892.54, 0],
          [-305.13, 905.71, 0],
          [-306.12, 919.32, 0],
          [-310.2, 928.78, 0],
          [-318.41, 935.79, 0],
          [-327.38, 948.34, 0],
          [-327.71, 963.24, 0],
          [-323.97, 999.31, 0],
          [-317.76, 1008.92, 0],
          [-308.25, 1015.74, 0],
          [-292.07, 1014.51, 0],
          [-282.85, 1011.16, 0],
          [-267.66, 1003.56, 0],
          [-246.97, 1001.17, 0],
          [-236.73, 1000.61, 0],
          [-225.04, 1007.23, 0],
          [-216.88, 1016.65, 0],
          [-206.21, 1035.75, 0],
          [-200.26, 1042.89, 0],
          [-183.93, 1051.24, 0],
          [-174.86, 1055.39, 0]
        ]
      }
    },
    {
      "type": "Feature",
      "properties": {
        "id": "way/1183762520",
        "kind": "mtb-route",
        "name": null,
        "difficulty": null,
        "osmTags": {
          "route:name": "Spirit Mountain Bike Park"
        }
      },
      "geometry": {
        "type": "LineString",
        "coordinates": [
          [-439.55, 704.34, 0],
          [-438.39, 702.87, 0],
          [-430.02, 699.54, 0],
          [-424.39, 697.29, 0],
          [-408.44, 701.12, 0],
          [-391.63, 702.08, 0],
          [-381.68, 701.33, 0],
          [-376.85, 699.4, 0],
          [-369.48, 692.25, 0],
          [-357.89, 690.11, 0],
          [-350.65, 689.58, 0],
          [-341.39, 695.49, 0],
          [-336.77, 695.37, 0],
          [-323.27, 682.71, 0],
          [-315.56, 677.97, 0],
          [-310.32, 678.31, 0],
          [-302.23, 674.24, 0],
          [-290.92, 671.98, 0],
          [-283.91, 672.53, 0],
          [-267.78, 663.67, 0],
          [-246.35, 647.14, 0],
          [-227.94, 633.85, 0]
        ]
      }
    },
    {
      "type": "Feature",
      "properties": {
        "id": "way/1183762521",
        "kind": "mtb-route",
        "name": null,
        "difficulty": null,
        "osmTags": {
          "route:name": "Spirit Mountain Bike Park"
        }
      },
      "geometry": {
        "type": "LineString",
        "coordinates": [
          [-98.85, 1164.79, 0],
          [-98.75, 1173.18, 0],
          [-94.26, 1183.8, 0],
          [-89.61, 1195.53, 0],
          [-87.02, 1205.26, 0],
          [-89.03, 1214.93, 0],
          [-94.56, 1229.3, 0],
          [-98.3, 1240.15, 0],
          [-100.05, 1253.8, 0],
          [-99.3, 1265.76, 0],
          [-97.95, 1279.2, 0],
          [-96.37, 1286.93, 0],
          [-94.17, 1296.77, 0],
          [-94.91, 1306.47, 0],
          [-99.11, 1317.02, 0],
          [-103.65, 1323.35, 0],
          [-110.39, 1331.45, 0],
          [-113.16, 1339.47, 0],
          [-113.44, 1342.91, 0],
          [-112.18, 1351.69, 0]
        ]
      }
    },
    {
      "type": "Feature",
      "properties": {
        "id": "way/1183762522",
        "kind": "mtb-route",
        "name": null,
        "difficulty": null,
        "osmTags": {
          "route:name": "Spirit Mountain Bike Park"
        }
      },
      "geometry": {
        "type": "LineString",
        "coordinates": [
          [339.69, 1243.53, 0],
          [344.68, 1236.54, 0],
          [336.34, 1220.16, 0],
          [346.05, 1205.74, 0],
          [346.1, 1196.62, 0],
          [333.79, 1185.21, 0],
          [330.92, 1178.99, 0],
          [334.65, 1169.75, 0],
          [351.34, 1146.24, 0],
          [360.53, 1120.68, 0]
        ]
      }
    },
    {
      "type": "Feature",
      "properties": {
        "id": "way/1183762523",
        "kind": "mtb-route",
        "name": null,
        "difficulty": null,
        "osmTags": {
          "route:name": "Spirit Mountain Bike Park"
        }
      },
      "geometry": {
        "type": "LineString",
        "coordinates": [
          [360.53, 1120.68, 0],
          [364.47, 1116.82, 0],
          [383.03, 1114.15, 0],
          [397.31, 1112.08, 0],
          [408.43, 1099.19, 0],
          [419.61, 1089.01, 0],
          [431.54, 1080.7, 0],
          [436.49, 1081.49, 0],
          [452.1, 1094.89, 0],
          [464.09, 1101.96, 0],
          [468.88, 1098.16, 0],
          [476.26, 1073.31, 0],
          [477.76, 1054.6, 0],
          [482.33, 1040.02, 0],
          [478.67, 1029.4, 0],
          [476.38, 1025.93, 0]
        ]
      }
    },
    {
      "type": "Feature",
      "properties": {
        "id": "way/1183768129",
        "kind": "mtb-route",
        "name": null,
        "difficulty": null,
        "osmTags": {
          "route:name": "Spirit Mountain Bike Park"
        }
      },
      "geometry": {
        "type": "LineString",
        "coordinates": [
          [-68.31, 1057.21, 0],
          [-49.47, 1056.09, 0],
          [-45.18, 1052.7, 0],
          [-39.99, 1039.81, 0],
          [-35.44, 1030.36, 0],
          [-23.54, 1017.14, 0],
          [-16.34, 1010.76, 0],
          [-10.82, 1003.15, 0],
          [-0.36, 991.62, 0],
          [8.84, 986.42, 0],
          [26.37, 984.62, 0],
          [52.37, 985.15, 0],
          [70.8, 986.25, 0],
          [92.51, 985.69, 0],
          [122.12, 988.92, 0],
          [135.59, 987.08, 0],
          [145.7, 983.98, 0],
          [151.65, 984.95, 0],
          [165.71, 985.98, 0],
          [179.75, 986.61, 0],
          [211.89, 981.44, 0],
          [236.74, 978.28, 0],
          [250.5, 978.41, 0],
          [264.73, 982.46, 0],
          [276.28, 982.91, 0],
          [295.2, 976.84, 0],
          [317.01, 970.61, 0],
          [329.97, 965.33, 0],
          [341.05, 959.1, 0],
          [349.68, 951.84, 0],
          [351.62, 948.62, 0],
          [359.42, 922.77, 0],
          [366.26, 919.53, 0],
          [383.37, 917.16, 0],
          [392.92, 912.4, 0],
          [400.13, 913.05, 0],
          [407.03, 915.98, 0],
          [421.66, 925.63, 0],
          [431.47, 926.89, 0],
          [440.18, 921.8, 0],
          [448.66, 910.66, 0],
          [465.68, 882.9, 0],
          [472.52, 873.38, 0],
          [484.92, 856.1, 0],
          [505.23, 820.1, 0]
        ]
      }
    },
    {
      "type": "Feature",
      "properties": {
        "id": "way/1183768130",
        "kind": "mtb-route",
        "name": null,
        "difficulty": null,
        "osmTags": {
          "route:name": "Spirit Mountain Bike Park"
        }
      },
      "geometry": {
        "type": "LineString",
        "coordinates": [
          [35.33, 883.21, 0],
          [57.01, 887.71, 0],
          [68.61, 892.72, 0],
          [70.54, 896.02, 0],
          [72.63, 900.29, 0],
          [76.22, 902.78, 0],
          [80.64, 903.15, 0],
          [82.98, 898.42, 0],
          [87.28, 895.2, 0],
          [95.36, 892.05, 0],
          [107, 890.9, 0],
          [119.33, 890.45, 0],
          [131, 885.97, 0],
          [140.57, 885.61, 0],
          [150.45, 888.35, 0],
          [157.32, 892.09, 0],
          [167.67, 905.28, 0],
          [177.98, 916.61, 0],
          [183.07, 918.87, 0],
          [192.08, 918.2, 0],
          [202.68, 914.42, 0],
          [212.64, 907.1, 0],
          [218.49, 906.65, 0],
          [228.89, 911.51, 0],
          [235.32, 913.57, 0],
          [243.67, 911.99, 0],
          [256.23, 901.59, 0],
          [266.84, 896.15, 0],
          [281.1, 889.72, 0],
          [291.46, 889.82, 0],
          [303.48, 893.83, 0],
          [320.56, 902.47, 0],
          [350.78, 921.06, 0],
          [359.42, 922.77, 0]
        ]
      }
    },
    {
      "type": "Feature",
      "properties": {
        "id": "way/1183768131",
        "kind": "mtb-route",
        "name": null,
        "difficulty": null,
        "osmTags": {
          "route:name": "Spirit Mountain Bike Park"
        }
      },
      "geometry": {
        "type": "LineString",
        "coordinates": [
          [-279.7, 603.79, 0],
          [-264.58, 617.08, 0],
          [-258.41, 622.51, 0],
          [-227.94, 633.85, 0]
        ]
      }
    },
    {
      "type": "Feature",
      "properties": {
        "id": "way/1183768132",
        "kind": "mtb-route",
        "name": null,
        "difficulty": null,
        "osmTags": {
          "route:name": "Spirit Mountain Bike Park"
        }
      },
      "geometry": {
        "type": "LineString",
        "coordinates": [
          [-227.94, 633.85, 0],
          [-202.7, 641.18, 0],
          [-162.48, 659.96, 0],
          [-150.73, 668.92, 0],
          [-144.29, 670.6, 0],
          [-137, 667.98, 0],
          [-118.42, 666.3, 0],
          [-97.25, 674.54, 0],
          [-66.41, 674.25, 0],
          [-55.31, 677.97, 0],
          [-46.44, 686.03, 0],
          [-37.88, 700.58, 0],
          [-32.1, 703.53, 0],
          [-27.25, 702.38, 0],
          [-18.43, 691.36, 0],
          [-13.83, 690.69, 0],
          [-6.9, 699.92, 0],
          [0.26, 709.89, 0],
          [3.63, 717.03, 0],
          [4.09, 725.94, 0],
          [2.35, 734.82, 0],
          [-0.46, 741.65, 0],
          [-4.38, 748.33, 0],
          [-3.49, 755.46, 0],
          [0.03, 760.42, 0],
          [6.35, 764.49, 0]
        ]
      }
    },
    {
      "type": "Feature",
      "properties": {
        "id": "way/1183772195",
        "kind": "mtb-route",
        "name": null,
        "difficulty": null,
        "osmTags": {
          "route:name": "Spirit Mountain Bike Park"
        }
      },
      "geometry": {
        "type": "LineString",
        "coordinates": [
          [-202.7, 641.18, 0],
          [-199.85, 638.75, 0],
          [-188.54, 629.15, 0],
          [-181.58, 625.39, 0],
          [-167.71, 624.44, 0],
          [-152.23, 626.05, 0],
          [-141.09, 625.43, 0],
          [-136.66, 619.84, 0],
          [-134.81, 617.31, 0],
          [-130.8, 617.18, 0],
          [-124.45, 620.15, 0],
          [-114.16, 612.43, 0],
          [-105.15, 595.1, 0],
          [-95.97, 584.08, 0],
          [-87.24, 579.47, 0],
          [-80.24, 579.35, 0],
          [-66.7, 584.94, 0],
          [-56, 592.2, 0],
          [-43.5, 607.4, 0],
          [-34.48, 631.1, 0],
          [-29.65, 637.9, 0],
          [-22.21, 641.69, 0],
          [-17.93, 639.61, 0],
          [-13.84, 631.84, 0],
          [-8.72, 630.44, 0],
          [-5.64, 632.47, 0],
          [-0.76, 637.43, 0],
          [2.71, 636.38, 0],
          [8.05, 631.15, 0],
          [10.03, 630.09, 0],
          [26.7, 623.46, 0],
          [33.46, 627.08, 0],
          [39.24, 627.3, 0],
          [46.61, 620.43, 0],
          [53.44, 616.94, 0],
          [64.14, 616.89, 0],
          [69.72, 620.66, 0],
          [74.3, 620.71, 0],
          [79.27, 617.37, 0],
          [85.39, 616.42, 0],
          [91.14, 619.02, 0],
          [95.56, 618.72, 0],
          [110.89, 614.98, 0],
          [119.28, 608.12, 0],
          [128.21, 586.01, 0],
          [131.28, 582.78, 0],
          [148.28, 581.01, 0],
          [159.35, 583.93, 0],
          [167.18, 583.58, 0],
          [177.68, 578.05, 0],
          [187.3, 570.91, 0],
          [194.98, 569.42, 0],
          [209.4, 569.33, 0],
          [226.29, 571.3, 0],
          [231.97, 567.77, 0],
          [245.37, 557.55, 0],
          [252.9, 548.42, 0],
          [261.07, 543.11, 0],
          [292.99, 551.96, 0],
          [301.05, 551.18, 0],
          [313.76, 545.66, 0],
          [320.37, 545.72, 0],
          [339.95, 552.89, 0],
          [353.31, 557.91, 0],
          [365.59, 558.04, 0],
          [380.38, 552.92, 0],
          [393.71, 542.88, 0],
          [401.08, 541.82, 0],
          [411.85, 544.26, 0],
          [414.09, 544.78, 0],
          [420.64, 550.68, 0],
          [435.93, 571.36, 0],
          [447.33, 574.19, 0],
          [463.44, 586.36, 0],
          [472.25, 598.63, 0],
          [487.26, 610.77, 0],
          [496.6, 625.78, 0],
          [504.23, 628.21, 0],
          [508.48, 628.63, 0]
        ]
      }
    },
    {
      "type": "Feature",
      "properties": {
        "id": "way/1183772196",
        "kind": "mtb-route",
        "name": null,
        "difficulty": null,
        "osmTags": {
          "route:name": "Spirit Mountain Bike Park"
        }
      },
      "geometry": {
        "type": "LineString",
        "coordinates": [
          [-227.94, 633.85, 0],
          [-222.6, 629.75, 0],
          [-220.44, 628.09, 0],
          [-215.92, 612.51, 0],
          [-209.54, 604.33, 0],
          [-202.34, 586.71, 0],
          [-198.58, 582.13, 0],
          [-193.24, 578.6, 0],
          [-191.45, 572.27, 0],
          [-191.71, 563.53, 0],
          [-189.12, 560, 0],
          [-183, 558.7, 0],
          [-175.39, 563.01, 0],
          [-169.46, 564.43, 0],
          [-162.31, 562.97, 0],
          [-138.02, 547.46, 0],
          [-130.83, 538.97, 0],
          [-121.01, 528.39, 0],
          [-120.15, 509.13, 0],
          [-118.74, 500.86, 0],
          [-113.17, 492.06, 0],
          [-101.58, 485.02, 0],
          [-94.77, 484.15, 0],
          [-79.69, 487.5, 0],
          [-76.13, 490.17, 0],
          [-67.78, 504.95, 0],
          [-65.34, 506.85, 0],
          [-60.44, 508.22, 0],
          [-56.26, 506.56, 0],
          [-46.21, 501.96, 0],
          [-41.98, 496.73, 0],
          [-38.62, 498.84, 0],
          [-36.01, 502.25, 0],
          [-21.5, 505.98, 0],
          [-15.44, 504.72, 0],
          [-3.56, 508.9, 0],
          [6.43, 508.32, 0],
          [10.18, 511.75, 0],
          [10.7, 516.28, 0],
          [14.28, 516.88, 0],
          [16.74, 517.28, 0],
          [20.29, 520.33, 0],
          [28.97, 522.11, 0],
          [34.02, 527.81, 0],
          [39.01, 538.03, 0],
          [42.57, 540.89, 0],
          [49.42, 554.89, 0],
          [55.74, 572.19, 0],
          [60.25, 579.26, 0],
          [64.81, 579.65, 0],
          [68.71, 577.23, 0],
          [73.02, 551.31, 0],
          [78.16, 548.56, 0],
          [86.42, 549.52, 0],
          [92.87, 555.55, 0],
          [97.42, 558.4, 0],
          [99.68, 560.7, 0],
          [103.54, 563.02, 0],
          [105.79, 566.38, 0],
          [107.82, 574.11, 0],
          [112.53, 578.73, 0],
          [114.64, 578.23, 0],
          [122.98, 571.81, 0],
          [128.88, 563.1, 0],
          [131.7, 562.77, 0],
          [141.55, 563.05, 0],
          [147.58, 559.25, 0],
          [153.23, 562.25, 0],
          [159.31, 567.23, 0],
          [163.17, 571.68, 0],
          [163.3, 575.4, 0],
          [168.02, 578.33, 0],
          [175.71, 574.68, 0],
          [182.22, 569.16, 0],
          [188.68, 551.77, 0],
          [198.69, 536.63, 0],
          [209.84, 504.52, 0],
          [217.95, 495.33, 0],
          [223.63, 493.21, 0],
          [231.83, 493.65, 0],
          [240.98, 490.3, 0],
          [249.96, 485.84, 0],
          [261.27, 485.41, 0],
          [267.08, 488.19, 0],
          [274.21, 494.57, 0],
          [282.01, 496.8, 0],
          [291.25, 493.19, 0],
          [294.65, 485.61, 0],
          [299.57, 483.13, 0],
          [306.6, 484.95, 0],
          [311.39, 495.34, 0],
          [314.7, 496.74, 0],
          [320.56, 497.97, 0],
          [326.95, 503.88, 0],
          [345.55, 523.58, 0],
          [352.13, 531.06, 0],
          [363.27, 532.15, 0],
          [373.8, 536.16, 0],
          [381.43, 537.21, 0],
          [391.2, 538.09, 0],
          [404.72, 532.16, 0],
          [406.37, 531.43, 0],
          [419.2, 533.81, 0],
          [424.64, 537.26, 0],
          [425.15, 543.29, 0],
          [439.74, 557.94, 0],
          [453.49, 561.09, 0],
          [463.27, 565.52, 0],
          [467.52, 575.92, 0],
          [469.16, 581.59, 0],
          [475.87, 590.69, 0],
          [485.15, 597.94, 0],
          [495.08, 606.29, 0],
          [496.78, 610.43, 0],
          [498.91, 614.79, 0],
          [507.9, 621.59, 0]
        ]
      }
    },
    {
      "type": "Feature",
      "properties": {
        "id": "way/1189413241",
        "kind": "mtb-trail",
        "name": "Fairmount",
        "difficulty": "1",
        "osmTags": {
          "alt_name": "Duluth Traverse",
          "bicycle": "designated",
          "difficulty": "easy",
          "foot": "designated",
          "highway": "cycleway",
          "mtb:scale": "1",
          "mtb:scale:imba": "1",
          "name": "Fairmount",
          "surface": "dirt"
        }
      },
      "geometry": {
        "type": "LineString",
        "coordinates": [
          [2487.48, 3143.95, 0],
          [2484.21, 3135.33, 0],
          [2484.39, 3129.41, 0],
          [2488.27, 3123.17, 0],
          [2489.6, 3114.05, 0],
          [2490.91, 3107.87, 0],
          [2496.11, 3101.58, 0],
          [2498.62, 3098.35, 0],
          [2509.22, 3094.75, 0],
          [2512.52, 3091.37, 0],
          [2515.96, 3088.94, 0],
          [2515.84, 3085.21, 0],
          [2515.27, 3081.03, 0],
          [2513.73, 3079.31, 0],
          [2511.28, 3076.19, 0],
          [2498.47, 3068.16, 0],
          [2492.91, 3064.54, 0],
          [2486.9, 3060.3, 0],
          [2479.04, 3054.65, 0],
          [2476.12, 3051.52, 0],
          [2470.91, 3045.12, 0],
          [2463.6, 3031.26, 0],
          [2459.92, 3026.73, 0],
          [2457.8, 3021.44, 0],
          [2450.28, 3012.85, 0],
          [2440.42, 3005.01, 0],
          [2430.26, 2996.85, 0],
          [2420.86, 2989.16, 0],
          [2413.17, 2981.5, 0],
          [2407.93, 2978.04, 0],
          [2403.26, 2978.3, 0],
          [2400.45, 2979.52, 0],
          [2395.85, 2989.84, 0],
          [2392.56, 2992.44, 0],
          [2383.53, 2994.04, 0],
          [2373.59, 2994.56, 0],
          [2363.96, 2994.77, 0],
          [2360.87, 2992.57, 0],
          [2359.25, 2984.66, 0],
          [2368.07, 2972.82, 0],
          [2374.02, 2967.47, 0],
          [2381.67, 2963.98, 0],
          [2384.82, 2959.23, 0],
          [2386.76, 2952.44, 0],
          [2386.16, 2951.03, 0],
          [2383.58, 2944.66, 0],
          [2378.2, 2939.02, 0],
          [2373.26, 2935.88, 0],
          [2368.3, 2935.83, 0],
          [2363, 2937.01, 0],
          [2356.7, 2945, 0],
          [2352.76, 2950.84, 0],
          [2345.46, 2951.54, 0],
          [2339.68, 2954.11, 0],
          [2334.09, 2954.21, 0],
          [2327.1, 2954.14, 0],
          [2321.46, 2958.57, 0],
          [2316.62, 2961.45, 0],
          [2307.33, 2958.88, 0],
          [2299.54, 2960.81, 0],
          [2294.94, 2961.94, 0],
          [2290.35, 2963.97, 0],
          [2288.75, 2968.13, 0],
          [2290.05, 2977.9, 0],
          [2289.22, 2982.54, 0],
          [2286.54, 2985.76, 0],
          [2285.13, 2986.83, 0],
          [2281.73, 2985.71, 0],
          [2276.5, 2981.16, 0],
          [2271.75, 2974.61, 0],
          [2268.69, 2970.4, 0],
          [2267.17, 2967.13, 0],
          [2264.08, 2966.02, 0],
          [2259.89, 2965.51, 0],
          [2256.31, 2965.79, 0],
          [2252.45, 2963.89, 0],
          [2249.5, 2963.39, 0],
          [2245.13, 2965.67, 0],
          [2243.06, 2970.6, 0],
          [2241.73, 2979.1, 0],
          [2240.81, 2992.87, 0],
          [2239.81, 2999.52, 0],
          [2238.38, 3002.61, 0],
          [2229.08, 3000.95, 0],
          [2224.55, 3002.77, 0],
          [2221.71, 3007.69, 0],
          [2217.47, 3011.98, 0],
          [2208.34, 3008.95, 0],
          [2199.55, 3002.36, 0],
          [2197.74, 2997.7, 0],
          [2203.12, 2988.46, 0],
          [2199.33, 2978.98, 0],
          [2194.13, 2971.33, 0],
          [2180.88, 2961.14, 0],
          [2168.57, 2950.02, 0],
          [2163.54, 2940.83, 0],
          [2158.69, 2929.32, 0],
          [2154.6, 2918.59, 0],
          [2146.61, 2910.93, 0],
          [2137.17, 2907.57, 0],
          [2132.36, 2907.21, 0],
          [2129.99, 2910.76, 0],
          [2129.01, 2915.39, 0],
          [2131.88, 2923, 0],
          [2131.81, 2929.66, 0],
          [2130.98, 2934.76, 0],
          [2132.79, 2939.89, 0],
          [2133.36, 2945.32, 0],
          [2132.21, 2951.19, 0],
          [2132.97, 2952.8, 0],
          [2136.93, 2961.15, 0],
          [2140.25, 2970.32, 0],
          [2140.66, 2975.27, 0],
          [2143.88, 2979.79, 0],
          [2139.99, 2994.93, 0],
          [2139.02, 2999.1, 0],
          [2136.72, 3002.91, 0],
          [2133.18, 3007.71, 0],
          [2132.53, 3010.18, 0],
          [2130.82, 3011.24, 0],
          [2128.63, 3012.31, 0],
          [2123.23, 3009.46, 0],
          [2122.35, 3004.03, 0],
          [2121.21, 2993.34, 0],
          [2122.82, 2980.75, 0],
          [2122.63, 2979.24, 0],
          [2121.86, 2976.01, 0],
          [2120.69, 2969.03, 0],
          [2115.95, 2961.08, 0],
          [2111.83, 2955.47, 0],
          [2108.05, 2944.59, 0],
          [2101.11, 2940.19, 0],
          [2091.21, 2936.05, 0],
          [2090.82, 2929.39, 0],
          [2089.02, 2923.02, 0],
          [2085.69, 2914.01, 0],
          [2082.18, 2908.41, 0],
          [2070.8, 2897.75, 0],
          [2054.47, 2884.27, 0],
          [2045.2, 2879.22, 0],
          [2017.84, 2866.87, 0],
          [2005.65, 2859.31, 0],
          [1994.49, 2856.4, 0],
          [1970.68, 2847.02, 0],
          [1962.91, 2846.32, 0],
          [1948.56, 2837.97, 0],
          [1939.74, 2833.7, 0],
          [1936.07, 2828.86, 0],
          [1920.02, 2804.08, 0],
          [1915.12, 2796.13, 0],
          [1910.52, 2791.59, 0],
          [1905.56, 2789.84, 0],
          [1899.02, 2791.02, 0],
          [1889.06, 2792.93, 0],
          [1884.54, 2794.89, 0],
          [1881.22, 2793.66, 0],
          [1877.06, 2790.18, 0],
          [1876.37, 2788.8, 0],
          [1875.56, 2786.71, 0],
          [1872.38, 2783.89, 0],
          [1867.6, 2780.6, 0],
          [1863.09, 2780, 0],
          [1860.64, 2776.4, 0],
          [1860.69, 2769.79, 0],
          [1859.99, 2766.3, 0],
          [1860.5, 2761.66, 0],
          [1858.06, 2756.68, 0],
          [1855.15, 2752.94, 0],
          [1852.39, 2749.2, 0],
          [1848.86, 2745.75, 0],
          [1840.03, 2743.8, 0],
          [1837.08, 2743.46, 0],
          [1832.34, 2743.29, 0],
          [1828.21, 2742.41, 0],
          [1823.49, 2742.15, 0],
          [1817.83, 2742.5, 0],
          [1812.08, 2742.44, 0],
          [1802.93, 2741.56, 0],
          [1799.51, 2742.31, 0],
          [1795.11, 2746.44, 0],
          [1792.7, 2754.46, 0],
          [1787.04, 2761.06, 0],
          [1784.23, 2762.12, 0],
          [1779.29, 2759.28, 0],
          [1770.72, 2762.14, 0],
          [1762.17, 2762.52, 0],
          [1755.5, 2761.36, 0],
          [1753.01, 2763.46, 0],
          [1750.54, 2763.82, 0]
        ]
      }
    },
    {
      "type": "Feature",
      "properties": {
        "id": "way/1189415335",
        "kind": "mtb-trail",
        "name": "Fairmount",
        "difficulty": "1",
        "osmTags": {
          "alt_name": "Duluth Traverse",
          "bicycle": "designated",
          "difficulty": "easy",
          "foot": "designated",
          "highway": "cycleway",
          "mtb:scale": "1",
          "mtb:scale:imba": "1",
          "name": "Fairmount",
          "surface": "dirt"
        }
      },
      "geometry": {
        "type": "LineString",
        "coordinates": [
          [2496.82, 3153.36, 0],
          [2498.19, 3162.23, 0],
          [2500.64, 3168.4, 0],
          [2505.31, 3172.12, 0],
          [2509.92, 3174.84, 0],
          [2513.88, 3178.09, 0],
          [2516.11, 3182.49, 0],
          [2520.71, 3183.59, 0],
          [2523.47, 3187.37, 0],
          [2526.2, 3188.76, 0],
          [2530.82, 3190.72, 0],
          [2535.36, 3191.08, 0],
          [2540.4, 3188.12, 0],
          [2546.6, 3188.64, 0],
          [2549.87, 3188.06, 0],
          [2557.36, 3184.73, 0],
          [2564.84, 3182.64, 0],
          [2572.61, 3182.1, 0],
          [2580.51, 3183.27, 0],
          [2584.7, 3183.94, 0],
          [2591.36, 3185.55, 0],
          [2597.72, 3186.55, 0],
          [2601.93, 3186.87, 0],
          [2608.11, 3184.78, 0]
        ]
      }
    },
    {
      "type": "Feature",
      "properties": {
        "id": "way/1194065570",
        "kind": "mtb-trail",
        "name": "Fairmount",
        "difficulty": "1",
        "osmTags": {
          "alt_name": "Duluth Traverse",
          "bicycle": "designated",
          "difficulty": "easy",
          "foot": "designated",
          "highway": "cycleway",
          "mtb:scale": "1",
          "mtb:scale:imba": "1",
          "name": "Fairmount",
          "surface": "dirt"
        }
      },
      "geometry": {
        "type": "LineString",
        "coordinates": [
          [1742.87, 2754.08, 0],
          [1744.13, 2744.98, 0],
          [1748.46, 2736.83, 0],
          [1748.2, 2731.56, 0],
          [1750.15, 2723.53, 0],
          [1749.27, 2718.41, 0],
          [1747.03, 2709.41, 0],
          [1749.04, 2695.02, 0],
          [1739.9, 2678.2, 0],
          [1737.66, 2669.05, 0],
          [1723.17, 2659, 0],
          [1714.38, 2651.94, 0],
          [1710.88, 2645.25, 0],
          [1690.47, 2636.82, 0],
          [1685.36, 2634.6, 0],
          [1676.97, 2620.28, 0],
          [1671.57, 2616.04, 0],
          [1656.9, 2607.84, 0],
          [1639.46, 2597.13, 0],
          [1624.74, 2593.11, 0],
          [1618.17, 2583.44, 0],
          [1608.95, 2572.82, 0],
          [1596.27, 2552.87, 0],
          [1597.6, 2544.36, 0],
          [1591.76, 2537.34, 0],
          [1582.1, 2526.4, 0],
          [1578.01, 2516.15, 0],
          [1554.93, 2494.85, 0],
          [1539.08, 2479.66, 0],
          [1522.03, 2445.74, 0],
          [1519.67, 2430.37, 0],
          [1521.02, 2398.92, 0],
          [1521.06, 2374.4, 0],
          [1519.6, 2357.43, 0],
          [1516.95, 2335.33, 0],
          [1515.19, 2327.96, 0],
          [1508.25, 2304.59, 0],
          [1503.44, 2293.52, 0],
          [1505.69, 2274.54, 0],
          [1503.08, 2269.4, 0],
          [1497.02, 2260.76, 0],
          [1484.38, 2253.88, 0],
          [1476.31, 2241.54, 0],
          [1467.1, 2219.39, 0],
          [1467.24, 2205.5, 0],
          [1469.09, 2186.1, 0],
          [1464.3, 2172.77, 0],
          [1469.15, 2159.95, 0],
          [1474.35, 2152.24, 0],
          [1474.06, 2140.8, 0],
          [1475.52, 2138.36, 0],
          [1473.57, 2129.15, 0],
          [1477.37, 2117.54, 0],
          [1483.47, 2102.48, 0],
          [1482.93, 2094.92, 0],
          [1477.34, 2080.56, 0],
          [1477.66, 2069.94, 0],
          [1484.93, 2059.39, 0],
          [1487.88, 2051.86, 0],
          [1488.16, 2045.12, 0],
          [1489.68, 2036.75, 0],
          [1498.81, 2025.61, 0],
          [1500.9, 2021.95, 0],
          [1500.8, 2020.21, 0],
          [1500.12, 2018.07, 0],
          [1500.97, 2015.01, 0],
          [1502.74, 2001.75, 0],
          [1503.05, 1991.53, 0],
          [1497.24, 1977.99, 0],
          [1494.66, 1969.99, 0]
        ]
      }
    },
    {
      "type": "Feature",
      "properties": {
        "id": "way/1250660718",
        "kind": "nordic-trail",
        "name": "Stadium West",
        "difficulty": "easy",
        "osmTags": {
          "lit": "yes",
          "name": "Stadium West",
          "network": "Lower Spirit Mountain",
          "oneway": "yes",
          "operator": "DXC",
          "piste:difficulty": "easy",
          "piste:grooming": "classic+skating",
          "piste:snowmaking": "yes",
          "piste:type": "nordic"
        }
      },
      "geometry": {
        "type": "LineString",
        "coordinates": [
          [746.03, 491.55, 0],
          [756.52, 493.63, 0],
          [762.17, 497.57, 0],
          [763.53, 503.27, 0],
          [763.83, 509.64, 0],
          [759.12, 517.39, 0],
          [739.75, 534.91, 0],
          [719, 547.81, 0],
          [693.18, 561.57, 0],
          [685.05, 565.9, 0],
          [681.72, 566.35, 0],
          [655.86, 569.86, 0],
          [640.23, 569.34, 0],
          [623.92, 564.21, 0],
          [597.04, 551.54, 0],
          [590.32, 547.23, 0],
          [587.85, 542.16, 0],
          [586.84, 540.1, 0],
          [587.63, 532.66, 0],
          [592.66, 527.4, 0],
          [604.41, 525.04, 0],
          [618.94, 530.5, 0],
          [632.39, 535.25, 0],
          [643.38, 538.55, 0],
          [656.89, 538.68, 0],
          [668.95, 537.88, 0],
          [746.03, 491.55, 0],
          [775.16, 474.03, 0],
          [792.25, 468.69, 0],
          [805.87, 467.98, 0]
        ]
      }
    },
    {
      "type": "Feature",
      "properties": {
        "id": "way/1250660719",
        "kind": "nordic-trail",
        "name": null,
        "difficulty": "easy",
        "osmTags": {
          "lit": "yes",
          "network": "Lower Spirit Mountain",
          "oneway": "yes",
          "operator": "DXC",
          "piste:difficulty": "easy",
          "piste:grooming": "classic+skating",
          "piste:snowmaking": "yes",
          "piste:type": "nordic"
        }
      },
      "geometry": {
        "type": "LineString",
        "coordinates": [
          [681.72, 566.35, 0],
          [672.29, 562.22, 0],
          [665.58, 558.61, 0],
          [662.1, 550.43, 0],
          [663.23, 544.42, 0],
          [668.95, 537.88, 0]
        ]
      }
    },
    {
      "type": "Feature",
      "properties": {
        "id": "way/1250660720",
        "kind": "nordic-trail",
        "name": "Stadium",
        "difficulty": "easy",
        "osmTags": {
          "lit": "yes",
          "name": "Stadium",
          "network": "Lower Spirit Mountain",
          "oneway": "yes",
          "operator": "DXC",
          "piste:difficulty": "easy",
          "piste:grooming": "classic+skating",
          "piste:snowmaking": "yes",
          "piste:type": "nordic"
        }
      },
      "geometry": {
        "type": "LineString",
        "coordinates": [
          [801.62, 497.62, 0],
          [732.15, 548.3, 0],
          [708.21, 560.46, 0],
          [693.18, 561.57, 0]
        ]
      }
    },
    {
      "type": "Feature",
      "properties": {
        "id": "way/1250660721",
        "kind": "nordic-trail",
        "name": "Stadium",
        "difficulty": "easy",
        "osmTags": {
          "lit": "yes",
          "name": "Stadium",
          "network": "Lower Spirit Mountain",
          "oneway": "yes",
          "operator": "DXC",
          "piste:difficulty": "easy",
          "piste:grooming": "classic+skating",
          "piste:snowmaking": "yes",
          "piste:type": "nordic"
        }
      },
      "geometry": {
        "type": "LineString",
        "coordinates": [
          [805.87, 467.98, 0],
          [816.02, 474.02, 0],
          [818.48, 484.23, 0],
          [817.53, 493.99, 0],
          [809.74, 506.63, 0],
          [793.01, 519.62, 0],
          [664.47, 601.92, 0]
        ]
      }
    },
    {
      "type": "Feature",
      "properties": {
        "id": "way/1250660722",
        "kind": "nordic-trail",
        "name": "Roller Coaster",
        "difficulty": "intermediate",
        "osmTags": {
          "lit": "yes",
          "name": "Roller Coaster",
          "network": "Lower Spirit Mountain",
          "oneway": "yes",
          "operator": "DXC",
          "piste:difficulty": "intermediate",
          "piste:grooming": "classic+skating",
          "piste:snowmaking": "yes",
          "piste:type": "nordic"
        }
      },
      "geometry": {
        "type": "LineString",
        "coordinates": [
          [495.5, 302.72, 0],
          [499.94, 333.51, 0],
          [504.68, 373.39, 0],
          [508.93, 421.92, 0],
          [525.91, 464.29, 0],
          [534.54, 471.86, 0],
          [548.34, 476.72, 0],
          [560.57, 479.21, 0],
          [570.37, 487.59, 0],
          [577.8, 496.35, 0],
          [583.22, 507.84, 0],
          [591.82, 517.78, 0],
          [604.41, 525.04, 0]
        ]
      }
    },
    {
      "type": "Feature",
      "properties": {
        "id": "way/1250660723",
        "kind": "nordic-trail",
        "name": null,
        "difficulty": "intermediate",
        "osmTags": {
          "network": "Lower Spirit Mountain",
          "operator": "DXC",
          "piste:difficulty": "intermediate",
          "piste:grooming": "classic+skating",
          "piste:snowmaking": "yes",
          "piste:type": "nordic"
        }
      },
      "geometry": {
        "type": "LineString",
        "coordinates": [
          [386.05, 309.1, 0],
          [380.53, 304.61, 0],
          [373.44, 301.69, 0],
          [368.14, 302.05, 0],
          [363.86, 303.02, 0]
        ]
      }
    },
    {
      "type": "Feature",
      "properties": {
        "id": "way/1250660724",
        "kind": "nordic-trail",
        "name": null,
        "difficulty": "intermediate",
        "osmTags": {
          "network": "Lower Spirit Mountain",
          "oneway": "yes",
          "operator": "DXC",
          "piste:difficulty": "intermediate",
          "piste:grooming": "classic+skating",
          "piste:snowmaking": "yes",
          "piste:type": "nordic"
        }
      },
      "geometry": {
        "type": "LineString",
        "coordinates": [
          [382.59, 354.69, 0],
          [376.43, 348.41, 0],
          [369.4, 338.39, 0],
          [368.07, 333.3, 0],
          [365.68, 324.15, 0],
          [363.01, 306.05, 0],
          [363.86, 303.02, 0]
        ]
      }
    },
    {
      "type": "Feature",
      "properties": {
        "id": "way/1250660725",
        "kind": "nordic-trail",
        "name": null,
        "difficulty": "intermediate",
        "osmTags": {
          "network": "Lower Spirit Mountain",
          "oneway": "no",
          "operator": "DXC",
          "piste:difficulty": "intermediate",
          "piste:grooming": "classic+skating",
          "piste:snowmaking": "yes",
          "piste:type": "nordic"
        }
      },
      "geometry": {
        "type": "LineString",
        "coordinates": [
          [363.86, 303.02, 0],
          [362.68, 298.75, 0],
          [361.51, 295.81, 0]
        ]
      }
    },
    {
      "type": "Feature",
      "properties": {
        "id": "way/1250660726",
        "kind": "nordic-trail",
        "name": null,
        "difficulty": "intermediate",
        "osmTags": {
          "lit": "yes",
          "network": "Lower Spirit Mountain",
          "oneway": "yes",
          "operator": "DXC",
          "piste:difficulty": "intermediate",
          "piste:grooming": "classic+skating",
          "piste:snowmaking": "yes",
          "piste:type": "nordic"
        }
      },
      "geometry": {
        "type": "LineString",
        "coordinates": [
          [451.22, 353.83, 0],
          [445.18, 344.64, 0],
          [440.02, 334.53, 0],
          [437.84, 322.35, 0],
          [436.01, 302.96, 0]
        ]
      }
    },
    {
      "type": "Feature",
      "properties": {
        "id": "way/1250660727",
        "kind": "nordic-trail",
        "name": null,
        "difficulty": "intermediate",
        "osmTags": {
          "lit": "yes",
          "network": "Lower Spirit Mountain",
          "oneway": "yes",
          "operator": "DXC",
          "piste:difficulty": "intermediate",
          "piste:grooming": "classic+skating",
          "piste:snowmaking": "yes",
          "piste:type": "nordic"
        }
      },
      "geometry": {
        "type": "LineString",
        "coordinates": [
          [520.77, 483.5, 0],
          [519.61, 478.01, 0],
          [519.99, 475.14, 0],
          [524.26, 471.3, 0],
          [527.99, 471.34, 0],
          [534.54, 471.86, 0]
        ]
      }
    },
    {
      "type": "Feature",
      "properties": {
        "id": "way/1250660728",
        "kind": "nordic-trail",
        "name": "Black Bear",
        "difficulty": "intermediate",
        "osmTags": {
          "name": "Black Bear",
          "network": "Lower Spirit Mountain",
          "oneway": "yes",
          "operator": "DXC",
          "piste:difficulty": "intermediate",
          "piste:grooming": "classic+skating",
          "piste:snowmaking": "yes",
          "piste:type": "nordic"
        }
      },
      "geometry": {
        "type": "LineString",
        "coordinates": [
          [451.22, 353.83, 0],
          [444.19, 351.64, 0],
          [438.52, 354.16, 0],
          [433.99, 360.22, 0],
          [433.45, 367.25, 0],
          [437.09, 379, 0],
          [438.43, 386.52, 0],
          [438.05, 400.58, 0],
          [436, 441.12, 0],
          [431.45, 448.81, 0],
          [426.92, 454.86, 0],
          [419.16, 455.25, 0],
          [413.53, 454.02, 0],
          [408.64, 448.11, 0],
          [393.25, 412.79, 0],
          [391.45, 403.87, 0],
          [391.31, 394.49, 0],
          [393.84, 377.63, 0],
          [394.39, 368.49, 0],
          [392.12, 361.43, 0],
          [384.41, 355.27, 0],
          [382.59, 354.69, 0]
        ]
      }
    },
    {
      "type": "Feature",
      "properties": {
        "id": "way/1250660729",
        "kind": "nordic-trail",
        "name": "Deer Stand",
        "difficulty": "intermediate",
        "osmTags": {
          "name": "Deer Stand",
          "network": "Lower Spirit Mountain",
          "oneway": "yes",
          "operator": "DXC",
          "piste:difficulty": "intermediate",
          "piste:grooming": "classic+skating",
          "piste:snowmaking": "yes",
          "piste:type": "nordic"
        }
      },
      "geometry": {
        "type": "LineString",
        "coordinates": [
          [382.59, 354.69, 0],
          [376.68, 352.84, 0],
          [367.96, 354.87, 0],
          [356.64, 357.57, 0],
          [343.47, 357.43, 0],
          [331.74, 354.27, 0],
          [322.87, 348.08, 0],
          [317.78, 339.13, 0],
          [310.58, 307.17, 0],
          [299.97, 263.46, 0],
          [300.99, 254.79, 0],
          [302.98, 244.73, 0],
          [310.8, 237.77, 0],
          [319.05, 235.98, 0],
          [327.26, 238.4, 0],
          [331.45, 243.6, 0],
          [332.53, 252.53, 0],
          [333.46, 276.45, 0],
          [340.59, 292.94, 0],
          [349.94, 299.12, 0],
          [357.46, 299.2, 0],
          [361.51, 295.81, 0]
        ]
      }
    },
    {
      "type": "Feature",
      "properties": {
        "id": "way/1250660730",
        "kind": "nordic-trail",
        "name": "Overlook",
        "difficulty": "intermediate",
        "osmTags": {
          "name": "Overlook",
          "network": "Lower Spirit Mountain",
          "oneway": "yes",
          "operator": "DXC",
          "piste:difficulty": "intermediate",
          "piste:grooming": "classic+skating",
          "piste:snowmaking": "yes",
          "piste:type": "nordic"
        }
      },
      "geometry": {
        "type": "LineString",
        "coordinates": [
          [361.51, 295.81, 0],
          [364.1, 293.64, 0],
          [368.19, 285, 0],
          [373.34, 263.96, 0],
          [373.28, 245.9, 0],
          [370.15, 230.87, 0],
          [363.65, 221.42, 0],
          [342.16, 206.67, 0],
          [335.4, 200.75, 0],
          [332.44, 191.1, 0],
          [333.7, 182.44, 0],
          [340.12, 176.41, 0],
          [351.18, 175.11, 0],
          [361.73, 178.26, 0],
          [371.79, 183.52, 0],
          [405.31, 218.79, 0],
          [409.42, 230.56, 0],
          [409.54, 242.28, 0],
          [406.39, 251.62, 0],
          [391.23, 285.47, 0],
          [385.45, 299.01, 0],
          [386.05, 309.1, 0]
        ]
      }
    },
    {
      "type": "Feature",
      "properties": {
        "id": "way/1250660731",
        "kind": "nordic-trail",
        "name": "S - Turn",
        "difficulty": "intermediate",
        "osmTags": {
          "lit": "yes",
          "name": "S - Turn",
          "network": "Lower Spirit Mountain",
          "oneway": "yes",
          "operator": "DXC",
          "piste:difficulty": "intermediate",
          "piste:grooming": "classic+skating",
          "piste:snowmaking": "yes",
          "piste:type": "nordic"
        }
      },
      "geometry": {
        "type": "LineString",
        "coordinates": [
          [436.01, 302.96, 0],
          [437.43, 298.12, 0],
          [438.79, 257.35, 0],
          [442.69, 243.79, 0],
          [447.45, 237.98, 0],
          [455.23, 235.94, 0],
          [462.28, 236.95, 0],
          [467.64, 241.23, 0],
          [474.28, 249.67, 0],
          [489.78, 282.16, 0],
          [495.5, 302.72, 0]
        ]
      }
    },
    {
      "type": "Feature",
      "properties": {
        "id": "way/1250660732",
        "kind": "nordic-trail",
        "name": "Big Bend",
        "difficulty": "intermediate",
        "osmTags": {
          "lit": "yes",
          "name": "Big Bend",
          "network": "Lower Spirit Mountain",
          "oneway": "yes",
          "operator": "DXC",
          "piste:difficulty": "intermediate",
          "piste:grooming": "classic+skating",
          "piste:snowmaking": "yes",
          "piste:type": "nordic"
        }
      },
      "geometry": {
        "type": "LineString",
        "coordinates": [
          [587.85, 542.16, 0],
          [581.49, 546.12, 0],
          [573.16, 557.16, 0],
          [563.07, 568.18, 0],
          [555.08, 574.53, 0],
          [545.69, 573.27, 0],
          [538.68, 569.98, 0],
          [532.07, 555.57, 0],
          [531.58, 545.61, 0],
          [543.85, 522.91, 0],
          [550.13, 512.15, 0],
          [549.93, 502.19, 0],
          [547.65, 495.73, 0],
          [537.34, 490.19, 0],
          [526.32, 487.04, 0],
          [520.77, 483.5, 0]
        ]
      }
    },
    {
      "type": "Feature",
      "properties": {
        "id": "way/1250863776",
        "kind": "nordic-trail",
        "name": null,
        "difficulty": "intermediate",
        "osmTags": {
          "highway": "path",
          "network": "Upper Spirit Mountain",
          "operator": "DXC",
          "piste:difficulty": "intermediate",
          "piste:grooming": "classic+skating",
          "piste:type": "nordic",
          "surface": "unpaved"
        }
      },
      "geometry": {
        "type": "LineString",
        "coordinates": [
          [-1412.12, 63.84, 0],
          [-1405.55, 60.19, 0],
          [-1401.45, 52.09, 0]
        ]
      }
    },
    {
      "type": "Feature",
      "properties": {
        "id": "way/1250863782",
        "kind": "nordic-trail",
        "name": null,
        "difficulty": "easy",
        "osmTags": {
          "highway": "service",
          "network": "Upper Spirit Mountain",
          "operator": "DXC",
          "piste:difficulty": "easy",
          "piste:grooming": "classic+skating",
          "piste:oneway": "yes",
          "piste:type": "nordic",
          "surface": "compacted"
        }
      },
      "geometry": {
        "type": "LineString",
        "coordinates": [
          [-618.01, 458.27, 0],
          [-636.07, 422.44, 0],
          [-656.1, 388.26, 0],
          [-662.91, 369.66, 0]
        ]
      }
    },
    {
      "type": "Feature",
      "properties": {
        "id": "way/1250863783",
        "kind": "nordic-trail",
        "name": null,
        "difficulty": "easy",
        "osmTags": {
          "highway": "service",
          "network": "Upper Spirit Mountain",
          "operator": "DXC",
          "piste:difficulty": "easy",
          "piste:grooming": "classic+skating",
          "piste:oneway": "yes",
          "piste:type": "nordic",
          "surface": "compacted"
        }
      },
      "geometry": {
        "type": "LineString",
        "coordinates": [
          [-662.91, 369.66, 0],
          [-678.53, 431.9, 0],
          [-699.1, 452.37, 0],
          [-738.6, 461.21, 0],
          [-761.74, 478.96, 0]
        ]
      }
    },
    {
      "type": "Feature",
      "properties": {
        "id": "way/1250863784",
        "kind": "nordic-trail",
        "name": null,
        "difficulty": "easy",
        "osmTags": {
          "highway": "service",
          "network": "Upper Spirit Mountain",
          "operator": "DXC",
          "piste:difficulty": "easy",
          "piste:grooming": "classic+skating",
          "piste:type": "nordic",
          "surface": "compacted"
        }
      },
      "geometry": {
        "type": "LineString",
        "coordinates": [
          [-662.91, 369.66, 0],
          [-664.11, 344.92, 0],
          [-660.98, 324.07, 0]
        ]
      }
    },
    {
      "type": "Feature",
      "properties": {
        "id": "way/1250863786",
        "kind": "nordic-trail",
        "name": null,
        "difficulty": "easy",
        "osmTags": {
          "highway": "service",
          "network": "Upper Spirit Mountain",
          "operator": "DXC",
          "piste:difficulty": "easy",
          "piste:grooming": "classic+skating",
          "piste:type": "nordic",
          "surface": "compacted"
        }
      },
      "geometry": {
        "type": "LineString",
        "coordinates": [
          [-606.99, 497.26, 0],
          [-619.8, 478.09, 0],
          [-622.05, 464.85, 0],
          [-618.01, 458.27, 0]
        ]
      }
    },
    {
      "type": "Feature",
      "properties": {
        "id": "way/1394439540",
        "kind": "mtb-route",
        "name": null,
        "difficulty": null,
        "osmTags": {
          "route:name": "Spirit Mountain Bike Park"
        }
      },
      "geometry": {
        "type": "LineString",
        "coordinates": [
          [-326.77, 41.6, 0],
          [-333.28, 8.34, 0],
          [-340.38, -23.23, 0],
          [-347.48, -55.44, 0],
          [-351.75, -74.59, 0],
          [-355.38, -87.99, 0],
          [-357.59, -110.36, 0],
          [-355.22, -124.39, 0],
          [-351.19, -138.11, 0],
          [-354.24, -169.89, 0],
          [-355.46, -185.59, 0],
          [-355.75, -196.28, 0],
          [-353.62, -214.71, 0],
          [-346.78, -230.63, 0],
          [-344.29, -245.61, 0],
          [-346.09, -254.05, 0],
          [-343.39, -259.94, 0],
          [-337.92, -261.92, 0],
          [-332.07, -257.68, 0],
          [-325.17, -250.19, 0],
          [-318.88, -235.4, 0],
          [-314.77, -217.47, 0],
          [-313.89, -201.62, 0],
          [-314.78, -192.08, 0],
          [-314.71, -185.95, 0],
          [-309.2, -182.7, 0],
          [-301.06, -184.08, 0],
          [-294.28, -191.59, 0],
          [-288.41, -201.13, 0],
          [-290.68, -211.01, 0],
          [-290.87, -220.2, 0],
          [-288.01, -230.31, 0],
          [-285.19, -241.69, 0],
          [-282.91, -255.39, 0],
          [-284.74, -269.33, 0],
          [-291.12, -282.44, 0],
          [-294.91, -292.35, 0],
          [-295.4, -298.21, 0],
          [-292.25, -303.92, 0],
          [-284.57, -303.72, 0],
          [-275.44, -293.33, 0],
          [-269.43, -280.25, 0],
          [-264.42, -272.17, 0],
          [-257.58, -266.42, 0],
          [-254.11, -259.49, 0],
          [-254.21, -249.22, 0],
          [-252.52, -241.37, 0],
          [-245.16, -239.04, 0],
          [-241.48, -246.78, 0],
          [-240.67, -259, 0],
          [-241.93, -276.74, 0],
          [-245.37, -287.98, 0],
          [-249.23, -304.42, 0],
          [-252.31, -314.64, 0],
          [-257.64, -325.14, 0],
          [-263.54, -331.17, 0],
          [-268.95, -336.76, 0],
          [-267.68, -342.44, 0],
          [-260.51, -343.86, 0],
          [-248.04, -338.81, 0],
          [-230.75, -328.5, 0],
          [-218.56, -314.22, 0],
          [-209.45, -295.37, 0],
          [-202.25, -280.85, 0],
          [-200.44, -264.37, 0],
          [-199.55, -253.08, 0],
          [-195.15, -248.12, 0],
          [-188.08, -249.54, 0],
          [-182.56, -257.39, 0],
          [-180.44, -268.1, 0],
          [-181.24, -280.09, 0],
          [-183.95, -292.05, 0],
          [-183.84, -303.01, 0],
          [-178.04, -309.87, 0],
          [-169.66, -310.72, 0],
          [-161.67, -306.39, 0],
          [-157.1, -300.61, 0],
          [-154.59, -289.47, 0],
          [-150.18, -277.88, 0],
          [-146.44, -271.86, 0],
          [-139.87, -272.53, 0],
          [-130.59, -281.71, 0],
          [-121.26, -290.45, 0],
          [-114.8, -292.94, 0],
          [-103.37, -288.74, 0],
          [-95.77, -281.85, 0],
          [-92.02, -277.74, 0],
          [-86.24, -274.65, 0],
          [-82.58, -272.96, 0],
          [-77.73, -273.37, 0],
          [-71.48, -273.9, 0],
          [-53.9, -272.01, 0]
        ]
      }
    },
    {
      "type": "Feature",
      "properties": {
        "id": "way/146915068",
        "kind": "lift",
        "name": "Gandy Chair",
        "difficulty": null,
        "osmTags": {
          "aerialway": "chair_lift",
          "name": "Gandy Chair"
        }
      },
      "geometry": {
        "type": "LineString",
        "coordinates": [
          [460.4, 995.07, 0],
          [307.09, 1009.93, 0],
          [243.58, 1016.15, 0],
          [198.56, 1020.85, 0],
          [105.53, 1029.64, 0],
          [9.87, 1039.72, 0],
          [-59.83, 1045.54, 0]
        ]
      }
    },
    {
      "type": "Feature",
      "properties": {
        "id": "way/146915076",
        "kind": "lift",
        "name": "Big Air Chair",
        "difficulty": null,
        "osmTags": {
          "aerialway": "chair_lift",
          "name": "Big Air Chair"
        }
      },
      "geometry": {
        "type": "LineString",
        "coordinates": [
          [527.76, 1164.01, 0],
          [480.89, 1156.83, 0],
          [359.56, 1138.24, 0],
          [288.49, 1127.34, 0],
          [201.52, 1114.02, 0],
          [116.88, 1101.04, 0],
          [31.84, 1088.03, 0],
          [-45.54, 1076.17, 0],
          [-67.17, 1072.86, 0]
        ]
      }
    },
    {
      "type": "Feature",
      "properties": {
        "id": "way/146915080",
        "kind": "lift",
        "name": "Spirit Express II",
        "difficulty": null,
        "osmTags": {
          "aerialway": "chair_lift",
          "name": "Spirit Express II"
        }
      },
      "geometry": {
        "type": "LineString",
        "coordinates": [
          [645.13, 648.81, 0],
          [610.89, 651.13, 0],
          [541.04, 655.86, 0],
          [431.6, 663.27, 0],
          [263.8, 674.64, 0],
          [127.55, 683.88, 0],
          [38.35, 689.92, 0],
          [-54.15, 696.2, 0],
          [-144.82, 702.34, 0],
          [-214.62, 707.08, 0],
          [-317.9, 714.09, 0],
          [-391.47, 719.08, 0],
          [-418.67, 720.92, 0]
        ]
      }
    },
    {
      "type": "Feature",
      "properties": {
        "id": "way/1470100229",
        "kind": "lift",
        "name": "Prospector Carpet",
        "difficulty": null,
        "osmTags": {
          "aerialway": "magic_carpet",
          "name": "Prospector Carpet"
        }
      },
      "geometry": {
        "type": "LineString",
        "coordinates": [
          [-130.49, 942.93, 0],
          [-137.25, 994.09, 0]
        ]
      }
    },
    {
      "type": "Feature",
      "properties": {
        "id": "way/1470100230",
        "kind": "lift",
        "name": "F-Tow",
        "difficulty": null,
        "osmTags": {
          "aerialway": "drag_lift",
          "name": "F-Tow"
        }
      },
      "geometry": {
        "type": "LineString",
        "coordinates": [
          [-83.8, 913.33, 0],
          [-97.1, 1031.14, 0]
        ]
      }
    },
    {
      "type": "Feature",
      "properties": {
        "id": "way/1470101407",
        "kind": "lift",
        "name": "Tubing Hill Handle Tow",
        "difficulty": null,
        "osmTags": {
          "aerialway": "drag_lift",
          "name": "Tubing Hill Handle Tow"
        }
      },
      "geometry": {
        "type": "LineString",
        "coordinates": [
          [-295.07, 620.43, 0],
          [-437.45, 675.58, 0]
        ]
      }
    },
    {
      "type": "Feature",
      "properties": {
        "id": "way/1482259542",
        "kind": "nordic-trail",
        "name": "Lone Wolf",
        "difficulty": "intermediate",
        "osmTags": {
          "name": "Lone Wolf",
          "oneway": "yes",
          "piste:difficulty": "intermediate",
          "piste:grooming": "classic+skating",
          "piste:snowmaking": "yes",
          "piste:type": "nordic"
        }
      },
      "geometry": {
        "type": "LineString",
        "coordinates": [
          [300.99, 254.79, 0],
          [231.81, 222.3, 0],
          [196.53, 208.22, 0],
          [141.63, 182.77, 0],
          [132.75, 179.68, 0],
          [120.96, 178.78, 0],
          [110.99, 173.14, 0],
          [106.16, 165.76, 0],
          [105.99, 159.65, 0],
          [111.32, 125.13, 0],
          [110.97, 116.27, 0],
          [106.29, 107.37, 0],
          [100.07, 100.83, 0],
          [91.01, 96.41, 0],
          [82.35, 96.33, 0],
          [74.09, 99.06, 0],
          [59.94, 104.53, 0],
          [48.67, 105.07, 0],
          [43.07, 101.34, 0],
          [40.11, 94.18, 0],
          [42.34, 87.29, 0],
          [59.58, 76.01, 0],
          [78.92, 70.59, 0],
          [93.44, 70.95, 0],
          [106.4, 75.19, 0],
          [115.87, 81.54, 0],
          [124.63, 94.37, 0],
          [130.87, 120.15, 0],
          [133.33, 135.29, 0],
          [137.34, 145.28, 0],
          [147.02, 152.06, 0],
          [179.66, 161.25, 0],
          [191.93, 169.37, 0],
          [201.14, 179.61, 0],
          [207.32, 191.34, 0],
          [217.83, 202.03, 0],
          [227.55, 204.93, 0],
          [236.68, 201.79, 0],
          [240.67, 193.41, 0],
          [240.55, 183.46, 0],
          [238.69, 174.37, 0],
          [238.13, 165.08, 0],
          [241.25, 157.33, 0],
          [249.8, 147.05, 0],
          [260.25, 143.05, 0],
          [271.12, 139.27, 0],
          [283.47, 139.39, 0],
          [293.62, 142.95, 0],
          [301.76, 152.32, 0],
          [310.06, 167.74, 0],
          [312.53, 180.95, 0],
          [310.01, 193.88, 0],
          [307.49, 208.11, 0],
          [309.74, 220.67, 0],
          [319.05, 235.98, 0]
        ]
      }
    },
    {
      "type": "Feature",
      "properties": {
        "id": "way/1482259543",
        "kind": "nordic-trail",
        "name": null,
        "difficulty": "intermediate",
        "osmTags": {
          "oneway": "yes",
          "piste:difficulty": "intermediate",
          "piste:grooming": "classic+skating",
          "piste:snowmaking": "yes",
          "piste:type": "nordic"
        }
      },
      "geometry": {
        "type": "LineString",
        "coordinates": [
          [312.53, 180.95, 0],
          [316.44, 183.69, 0],
          [323.67, 185.43, 0],
          [333.7, 182.44, 0]
        ]
      }
    },
    {
      "type": "Feature",
      "properties": {
        "id": "way/1482259544",
        "kind": "nordic-trail",
        "name": "S - Turn",
        "difficulty": "intermediate",
        "osmTags": {
          "name": "S - Turn",
          "network": "Lower Spirit Mountain",
          "oneway": "yes",
          "operator": "DXC",
          "piste:difficulty": "intermediate",
          "piste:grooming": "classic+skating",
          "piste:snowmaking": "yes",
          "piste:type": "nordic"
        }
      },
      "geometry": {
        "type": "LineString",
        "coordinates": [
          [386.05, 309.1, 0],
          [391.84, 317.83, 0],
          [398.61, 324.22, 0],
          [406.58, 326.18, 0],
          [415.98, 326.28, 0],
          [425.94, 319.11, 0],
          [433.78, 310.51, 0],
          [436.01, 302.96, 0]
        ]
      }
    },
    {
      "type": "Feature",
      "properties": {
        "id": "way/1482259545",
        "kind": "nordic-trail",
        "name": "Black Bear",
        "difficulty": "intermediate",
        "osmTags": {
          "lit": "yes",
          "name": "Black Bear",
          "network": "Lower Spirit Mountain",
          "oneway": "yes",
          "operator": "DXC",
          "piste:difficulty": "intermediate",
          "piste:grooming": "classic+skating",
          "piste:snowmaking": "yes",
          "piste:type": "nordic"
        }
      },
      "geometry": {
        "type": "LineString",
        "coordinates": [
          [520.77, 483.5, 0],
          [516.97, 481.09, 0],
          [507, 466.92, 0],
          [500.27, 458.18, 0],
          [489.73, 453.85, 0],
          [481.51, 451.89, 0],
          [473.57, 447.12, 0],
          [464.55, 431.1, 0],
          [459.32, 413.93, 0],
          [457.55, 403.35, 0],
          [458.52, 376.87, 0],
          [455.62, 360.9, 0],
          [451.22, 353.83, 0]
        ]
      }
    },
    {
      "type": "Feature",
      "properties": {
        "id": "way/1482259546",
        "kind": "nordic-trail",
        "name": "Uff Da",
        "difficulty": "intermediate",
        "osmTags": {
          "name": "Uff Da",
          "oneway": "yes",
          "piste:difficulty": "intermediate",
          "piste:grooming": "classic+skating",
          "piste:snowmaking": "yes",
          "piste:type": "nordic"
        }
      },
      "geometry": {
        "type": "LineString",
        "coordinates": [
          [473.57, 447.12, 0],
          [462.88, 454.48, 0],
          [458.06, 463.21, 0],
          [452.7, 472.87, 0],
          [445.24, 482.11, 0],
          [438.35, 487.02, 0],
          [428.17, 490.99, 0],
          [419.09, 491.81, 0],
          [411.88, 488.59, 0],
          [408.79, 482.13, 0],
          [411.26, 472.71, 0],
          [413.53, 454.02, 0]
        ]
      }
    },
    {
      "type": "Feature",
      "properties": {
        "id": "way/1482259547",
        "kind": "nordic-trail",
        "name": "Nordic Connector Trail",
        "difficulty": "advanced",
        "osmTags": {
          "lit": "no",
          "name": "Nordic Connector Trail",
          "oneway": "no",
          "piste:difficulty": "advanced",
          "piste:grooming": "classic+skating",
          "piste:type": "nordic"
        }
      },
      "geometry": {
        "type": "LineString",
        "coordinates": [
          [343.47, 357.43, 0],
          [343.09, 374.99, 0],
          [340.54, 390.88, 0],
          [334.73, 402.89, 0],
          [326.77, 410.31, 0],
          [314.25, 415.13, 0],
          [305.63, 413.39, 0],
          [298.72, 407.84, 0],
          [290.44, 392.21, 0],
          [272.31, 369.52, 0],
          [259.44, 353.66, 0],
          [239.39, 339.92, 0],
          [223.1, 335.56, 0],
          [214.52, 332.18, 0],
          [205.34, 332.81, 0],
          [197.6, 334.75, 0],
          [188.93, 340.34, 0],
          [182.64, 345.4, 0],
          [173.43, 348.96, 0],
          [158.34, 353.2, 0],
          [150.6, 356.05, 0],
          [142.09, 362.36, 0],
          [131.44, 363.9, 0],
          [123.75, 362, 0],
          [106.78, 351.77, 0],
          [94.54, 347.62, 0],
          [79.69, 345.46, 0],
          [71.32, 338.8, 0],
          [69.55, 331.64, 0],
          [69.98, 325.61, 0],
          [73.16, 301.5, 0],
          [72.19, 288.32, 0],
          [66.95, 280.22, 0],
          [59.48, 275.02, 0],
          [51.78, 273.84, 0],
          [43.86, 276.69, 0],
          [35.34, 284.47, 0],
          [29.56, 293.93, 0],
          [24.61, 311.62, 0],
          [23.21, 322.95, 0],
          [25.82, 337.06, 0],
          [26.22, 352.61, 0],
          [21.66, 367.93, 0],
          [17.74, 374.48, 0],
          [13.14, 375.9, 0],
          [6.37, 374.91, 0],
          [0.74, 369.01, 0],
          [-12.57, 341.79, 0],
          [-16.68, 330.59, 0],
          [-19.99, 312.82, 0],
          [-27.84, 289.51, 0],
          [-38.88, 274.76, 0],
          [-48.53, 267.54, 0],
          [-63.33, 260.8, 0],
          [-89.29, 253.54, 0],
          [-103.6, 251.05, 0],
          [-110.97, 251.11, 0],
          [-118.48, 251.94, 0],
          [-127.06, 255.01, 0],
          [-132.63, 258.49, 0],
          [-137.97, 265.92, 0],
          [-140.69, 274.94, 0],
          [-144.83, 279.4, 0]
        ]
      }
    },
    {
      "type": "Feature",
      "properties": {
        "id": "way/1482259548",
        "kind": "nordic-trail",
        "name": "Old Skyline",
        "difficulty": "advanced",
        "osmTags": {
          "bicycle": "yes",
          "foot": "yes",
          "highway": "path",
          "motor_vehicle": "no",
          "name": "Old Skyline",
          "piste:difficulty": "advanced",
          "piste:grooming": "classic+skating",
          "piste:type": "nordic"
        }
      },
      "geometry": {
        "type": "LineString",
        "coordinates": [
          [-144.83, 279.4, 0],
          [-161.3, 270.64, 0],
          [-164.28, 269.06, 0],
          [-185.5, 259.03, 0],
          [-197.26, 252.7, 0],
          [-208.95, 239.76, 0],
          [-228.08, 219.39, 0],
          [-236.38, 210.15, 0],
          [-240.77, 201.77, 0],
          [-260.41, 164.27, 0],
          [-281.69, 117.46, 0],
          [-301.88, 85.79, 0],
          [-319.28, 62.72, 0],
          [-326.77, 41.6, 0],
          [-334.51, 27.01, 0],
          [-349.29, 12.68, 0],
          [-361.59, 9.78, 0]
        ]
      }
    },
    {
      "type": "Feature",
      "properties": {
        "id": "way/1482259549",
        "kind": "nordic-trail",
        "name": null,
        "difficulty": null,
        "osmTags": {
          "route:name": "Nordic Connector Trail"
        }
      },
      "geometry": {
        "type": "LineString",
        "coordinates": [
          [-613.73, 70.27, 0],
          [-597.33, 51.56, 0],
          [-589.68, 47.76, 0],
          [-579.88, 46.78, 0],
          [-569.15, 46.1, 0],
          [-562.19, 49.27, 0],
          [-553.53, 53.69, 0],
          [-543.97, 76.4, 0],
          [-540.35, 87.75, 0],
          [-536.22, 95.07, 0],
          [-531.31, 100.23, 0],
          [-525.73, 102.61, 0],
          [-516.26, 102.7, 0],
          [-510.32, 99.04, 0],
          [-504.45, 87.17, 0],
          [-501.92, 66.59, 0],
          [-508.18, 40.05, 0],
          [-513.17, 26.37, 0],
          [-522.44, 20.24, 0],
          [-534.19, 14.23, 0],
          [-546.4, 7.6, 0],
          [-558.42, -2.12, 0],
          [-572.16, -11.39, 0],
          [-582.64, -20.63, 0],
          [-589.24, -28.75, 0],
          [-592.41, -38.38, 0],
          [-591.19, -50.92, 0],
          [-584.71, -62.48, 0],
          [-567.02, -75.93, 0],
          [-557.36, -78.62, 0],
          [-547.11, -77.29, 0],
          [-536.28, -72.38, 0],
          [-528.24, -68.58, 0],
          [-522.18, -68.67, 0],
          [-516.4, -71.41, 0],
          [-514.16, -78.35, 0],
          [-513.12, -89.66, 0],
          [-510.06, -99.38, 0],
          [-506.28, -104.46, 0],
          [-500.81, -107.8, 0],
          [-493.66, -108.04, 0],
          [-488.26, -105.05, 0],
          [-480.86, -98.32, 0],
          [-457.62, -91.58, 0],
          [-448.18, -87.92, 0],
          [-437.81, -83.8, 0],
          [-425.02, -73.29, 0],
          [-405.43, -57.76, 0],
          [-394.77, -51, 0],
          [-387.89, -40.55, 0],
          [-381.48, -28.86, 0],
          [-378.11, -17.97, 0]
        ]
      }
    },
    {
      "type": "Feature",
      "properties": {
        "id": "way/1482259551",
        "kind": "nordic-trail",
        "name": "Happy Camper Upper",
        "difficulty": "advanced",
        "osmTags": {
          "bicycle": "designated",
          "highway": "cycleway",
          "mtb:scale:imba": "2",
          "mtb:type": "downhill",
          "name": "Happy Camper Upper",
          "oneway": "yes",
          "piste:difficulty": "advanced",
          "piste:grooming": "classic+skating",
          "piste:oneway": "no",
          "piste:type": "nordic",
          "surface": "dirt",
          "toll": "yes"
        }
      },
      "geometry": {
        "type": "LineString",
        "coordinates": [
          [-361.59, 9.78, 0],
          [-363.37, 0.98, 0],
          [-366.58, -5.19, 0],
          [-370.83, -9.11, 0],
          [-375.31, -12.83, 0],
          [-378.02, -15.67, 0],
          [-378.11, -17.97, 0]
        ]
      }
    },
    {
      "type": "Feature",
      "properties": {
        "id": "way/1482259552",
        "kind": "nordic-trail",
        "name": null,
        "difficulty": "easy",
        "osmTags": {
          "highway": "service",
          "network": "Upper Spirit Mountain",
          "operator": "DXC",
          "piste:difficulty": "easy",
          "piste:grooming": "classic+skating",
          "piste:oneway": "yes",
          "piste:type": "nordic",
          "surface": "compacted"
        }
      },
      "geometry": {
        "type": "LineString",
        "coordinates": [
          [-593.93, 254.85, 0],
          [-579.3, 271.46, 0],
          [-570.98, 281.01, 0],
          [-568.35, 290.49, 0],
          [-571.16, 302.19, 0],
          [-573.01, 304.23, 0],
          [-577.43, 309.1, 0],
          [-589.57, 318.42, 0],
          [-600.99, 319.83, 0],
          [-605.5, 320.38, 0],
          [-623.21, 318.31, 0],
          [-634.95, 316.94, 0],
          [-637.56, 316.63, 0]
        ]
      }
    },
    {
      "type": "Feature",
      "properties": {
        "id": "way/1482259555",
        "kind": "nordic-trail",
        "name": null,
        "difficulty": "advanced",
        "osmTags": {
          "bridge": "yes",
          "highway": "path",
          "layer": "1",
          "network": "Upper Spirit Mountain",
          "operator": "DXC",
          "piste:difficulty": "advanced",
          "piste:grooming": "classic+skating",
          "piste:oneway": "yes",
          "piste:type": "nordic",
          "surface": "unpaved"
        }
      },
      "geometry": {
        "type": "LineString",
        "coordinates": [
          [-720.27, 58.97, 0],
          [-713.36, 62.51, 0]
        ]
      }
    },
    {
      "type": "Feature",
      "properties": {
        "id": "way/1494790145",
        "kind": "lift",
        "name": "Summit Chair",
        "difficulty": null,
        "osmTags": {
          "aerialway": "chair_lift",
          "aerialway:occupancy": "3",
          "name": "Summit Chair"
        }
      },
      "geometry": {
        "type": "LineString",
        "coordinates": [
          [475.34, 910.18, 0],
          [228.69, 877.99, 0],
          [144.83, 865.57, 0],
          [68.57, 853.01, 0],
          [-75.17, 831.77, 0],
          [-181.75, 816.24, 0],
          [-278.47, 802.83, 0],
          [-334.31, 795.75, 0],
          [-382.45, 789.82, 0],
          [-402.34, 784.8, 0]
        ]
      }
    },
    {
      "type": "Feature",
      "properties": {
        "id": "way/1494790146",
        "kind": "downhill-run",
        "name": "Skyhooker-2",
        "difficulty": "intermediate",
        "osmTags": {
          "name": "Skyhooker-2",
          "piste:difficulty": "intermediate",
          "piste:type": "downhill"
        }
      },
      "geometry": {
        "type": "LineString",
        "coordinates": [
          [251.16, 864.01, 0],
          [281.1, 889.72, 0],
          [330.01, 898.17, 0],
          [388.61, 903.27, 0],
          [462.14, 903.41, 0]
        ]
      }
    },
    {
      "type": "Feature",
      "properties": {
        "id": "way/1528857279",
        "kind": "mtb-trail",
        "name": "Spirit Mountain (Duluth Traverse)",
        "difficulty": "1",
        "osmTags": {
          "bicycle": "designated",
          "difficulty": "easy",
          "foot": "yes",
          "highway": "cycleway",
          "mtb:scale": "1",
          "mtb:scale:imba": "1",
          "name": "Spirit Mountain (Duluth Traverse)",
          "oneway": "no",
          "surface": "dirt"
        }
      },
      "geometry": {
        "type": "LineString",
        "coordinates": [
          [1011.87, 1397.17, 0],
          [1009.74, 1398.97, 0],
          [1004.29, 1404.08, 0],
          [1002.44, 1408.3, 0],
          [1004.7, 1415.17, 0],
          [1007.45, 1416.16, 0],
          [1012.98, 1413.99, 0],
          [1017.33, 1413.61, 0],
          [1019.01, 1414.69, 0],
          [1028.22, 1413.98, 0],
          [1034.65, 1412.58, 0],
          [1041.08, 1412.81, 0],
          [1043.75, 1413.88, 0],
          [1045.39, 1415.62, 0],
          [1045.62, 1418.14, 0],
          [1047.17, 1419.62, 0],
          [1049.4, 1422.81, 0],
          [1048.08, 1426.28, 0],
          [1045.73, 1428.9, 0],
          [1039.5, 1426.3, 0],
          [1034.53, 1426.04, 0],
          [1034.39, 1429.42, 0],
          [1033.24, 1437.96, 0],
          [1034.19, 1448.42, 0],
          [1039.73, 1456.62, 0],
          [1049.97, 1471.98, 0],
          [1052.51, 1478.33, 0],
          [1053.89, 1484.01, 0],
          [1053.63, 1490.53, 0],
          [1053.25, 1500.77, 0],
          [1048.74, 1505.57, 0],
          [1048.42, 1509.57, 0],
          [1052.79, 1515.13, 0],
          [1056.99, 1523.58, 0],
          [1061.44, 1534.93, 0],
          [1067.85, 1543.82, 0],
          [1085.37, 1569.02, 0],
          [1087.99, 1577.51, 0],
          [1093.71, 1583.71, 0],
          [1105.17, 1594.02, 0],
          [1112.86, 1597.36, 0],
          [1119.99, 1597.25, 0],
          [1128.43, 1602.13, 0],
          [1140.88, 1610.34, 0],
          [1174.24, 1621.29, 0],
          [1186.59, 1634.19, 0],
          [1210.57, 1665.52, 0],
          [1221.18, 1688.23, 0],
          [1239.42, 1702.49, 0],
          [1266.42, 1728.29, 0],
          [1277.4, 1737.34, 0],
          [1295.41, 1752.16, 0],
          [1310.75, 1760.51, 0],
          [1324.34, 1767.51, 0],
          [1343.62, 1778, 0],
          [1362.53, 1799.26, 0],
          [1373.66, 1818.45, 0],
          [1391.3, 1840.2, 0],
          [1390.99, 1844.74, 0],
          [1388.86, 1851.8, 0],
          [1389.11, 1859.05, 0],
          [1391.72, 1866, 0],
          [1402.49, 1878.54, 0],
          [1404.47, 1881.77, 0],
          [1409.01, 1889.17, 0],
          [1419.14, 1908.27, 0],
          [1426.79, 1913.24, 0],
          [1431.31, 1912.33, 0],
          [1438.54, 1909.91, 0],
          [1444, 1910.38, 0],
          [1447.1, 1912.15, 0],
          [1448.97, 1916.41, 0],
          [1448.95, 1917.52, 0],
          [1447.66, 1925.91, 0],
          [1444.05, 1930.8, 0],
          [1437.2, 1938, 0],
          [1436.05, 1941.36, 0],
          [1437.6, 1941.81, 0],
          [1441.1, 1938.74, 0],
          [1448.39, 1930.68, 0],
          [1452.62, 1924.66, 0],
          [1458.47, 1921.09, 0],
          [1470.12, 1919.47, 0],
          [1475.3, 1921.44, 0],
          [1480.67, 1930.9, 0]
        ]
      }
    },
    {
      "type": "Feature",
      "properties": {
        "id": "way/1528857280",
        "kind": "mtb-trail",
        "name": "Spirit Mountain (Duluth Traverse)",
        "difficulty": "1",
        "osmTags": {
          "bicycle": "designated",
          "bridge": "yes",
          "difficulty": "easy",
          "foot": "yes",
          "highway": "cycleway",
          "layer": "1",
          "mtb:scale": "1",
          "mtb:scale:imba": "1",
          "name": "Spirit Mountain (Duluth Traverse)",
          "oneway": "no",
          "surface": "dirt"
        }
      },
      "geometry": {
        "type": "LineString",
        "coordinates": [
          [1011.91, 1394.44, 0],
          [1011.87, 1397.17, 0]
        ]
      }
    },
    {
      "type": "Feature",
      "properties": {
        "id": "way/1528857283",
        "kind": "mtb-trail",
        "name": "Spirit Mountain (Duluth Traverse)",
        "difficulty": "1",
        "osmTags": {
          "bicycle": "designated",
          "difficulty": "easy",
          "foot": "yes",
          "highway": "cycleway",
          "mtb:scale": "1",
          "mtb:scale:imba": "1",
          "name": "Spirit Mountain (Duluth Traverse)",
          "oneway": "no",
          "surface": "dirt"
        }
      },
      "geometry": {
        "type": "LineString",
        "coordinates": [
          [840.83, 1179.29, 0],
          [837.43, 1183.32, 0],
          [836.06, 1187.58, 0],
          [844.72, 1193.41, 0],
          [858.98, 1201.21, 0],
          [863.33, 1209.94, 0],
          [868.35, 1215.78, 0],
          [874.49, 1219.82, 0],
          [879.27, 1224.81, 0],
          [880.92, 1229.66, 0],
          [882.92, 1235.83, 0],
          [886.5, 1241.54, 0],
          [891.42, 1245.33, 0],
          [893.7, 1246.81, 0],
          [894.87, 1250.68, 0],
          [897.63, 1253.6, 0],
          [903.54, 1255.59, 0],
          [909.33, 1261.15, 0],
          [912.97, 1269.14, 0],
          [917.58, 1279.87, 0],
          [922.19, 1285.41, 0],
          [925.34, 1287.56, 0],
          [927.31, 1291.49, 0],
          [927.32, 1295.39, 0],
          [926.88, 1302.63, 0],
          [927.41, 1310.12, 0],
          [925.96, 1321.8, 0],
          [925.32, 1325.42, 0],
          [926.49, 1328.81, 0],
          [930.89, 1331.84, 0],
          [933.84, 1336.13, 0],
          [935.84, 1341.51, 0],
          [941.17, 1345.96, 0],
          [943.51, 1348.99, 0],
          [943.78, 1353.39, 0],
          [944.04, 1358.27, 0],
          [946.83, 1363.66, 0],
          [950.73, 1368.42, 0],
          [956.7, 1371, 0],
          [965.67, 1375.03, 0],
          [969.59, 1378.22, 0],
          [973.64, 1384.24, 0],
          [978.97, 1387.29, 0],
          [988.36, 1385.71, 0],
          [990.23, 1390.42, 0],
          [991.58, 1393.49, 0],
          [990.49, 1396.45, 0],
          [987.59, 1400.01, 0],
          [985.75, 1404, 0],
          [986.68, 1406.76, 0],
          [988.69, 1406.57, 0],
          [991.79, 1403.32, 0],
          [995.97, 1398.72, 0],
          [1003.34, 1393.3, 0],
          [1006.43, 1391.85, 0],
          [1009.92, 1391.99, 0],
          [1011.39, 1393.17, 0],
          [1011.91, 1394.44, 0]
        ]
      }
    },
    {
      "type": "Feature",
      "properties": {
        "id": "way/1529039444",
        "kind": "mtb-route",
        "name": null,
        "difficulty": null,
        "osmTags": {
          "route:name": "Spirit Mountain Bike Park"
        }
      },
      "geometry": {
        "type": "LineString",
        "coordinates": [
          [-335.03, 548.33, 0],
          [-332.73, 546.49, 0],
          [-329.58, 544.34, 0],
          [-326.35, 543.7, 0],
          [-323.04, 541.27, 0],
          [-319.32, 538.04, 0],
          [-315.78, 532.77, 0],
          [-314.5, 527.26, 0],
          [-315.05, 521.33, 0],
          [-314.99, 514.78, 0],
          [-311.92, 512.17, 0],
          [-309.08, 508.34, 0],
          [-306.58, 501.59, 0],
          [-309.91, 498.29, 0],
          [-314.88, 498.32, 0],
          [-315.43, 498.34, 0]
        ]
      }
    },
    {
      "type": "Feature",
      "properties": {
        "id": "way/1529039445",
        "kind": "mtb-route",
        "name": null,
        "difficulty": null,
        "osmTags": {
          "route:name": "Spirit Mountain Bike Park"
        }
      },
      "geometry": {
        "type": "LineString",
        "coordinates": [
          [-315.43, 498.34, 0],
          [-319.55, 498.5, 0]
        ]
      }
    },
    {
      "type": "Feature",
      "properties": {
        "id": "way/1530737449",
        "kind": "mtb-trail",
        "name": "Fairmount",
        "difficulty": "1",
        "osmTags": {
          "alt_name": "Duluth Traverse",
          "bicycle": "designated",
          "difficulty": "easy",
          "foot": "designated",
          "highway": "cycleway",
          "mtb:scale": "1",
          "mtb:scale:imba": "1",
          "name": "Fairmount",
          "surface": "dirt"
        }
      },
      "geometry": {
        "type": "LineString",
        "coordinates": [
          [1494.66, 1969.99, 0],
          [1489.89, 1950.61, 0]
        ]
      }
    },
    {
      "type": "Feature",
      "properties": {
        "id": "way/224344206",
        "kind": "nordic-trail",
        "name": null,
        "difficulty": "easy",
        "osmTags": {
          "highway": "service",
          "network": "Upper Spirit Mountain",
          "operator": "DXC",
          "piste:difficulty": "easy",
          "piste:grooming": "classic+skating",
          "piste:oneway": "yes",
          "piste:type": "nordic",
          "surface": "compacted"
        }
      },
      "geometry": {
        "type": "LineString",
        "coordinates": [
          [-637.56, 316.63, 0],
          [-648.63, 316.69, 0],
          [-654.27, 316.72, 0],
          [-660.98, 324.07, 0],
          [-678.43, 318.86, 0],
          [-680.78, 317.46, 0],
          [-701.38, 305.16, 0],
          [-702.22, 303.55, 0],
          [-708.67, 291.34, 0],
          [-708.23, 273.36, 0],
          [-689.63, 243.66, 0],
          [-667.53, 227.87, 0],
          [-655.71, 219.41, 0],
          [-631.48, 210.92, 0],
          [-626.84, 211.99, 0]
        ]
      }
    },
    {
      "type": "Feature",
      "properties": {
        "id": "way/224344207",
        "kind": "nordic-trail",
        "name": null,
        "difficulty": "easy",
        "osmTags": {
          "highway": "service",
          "network": "Upper Spirit Mountain",
          "operator": "DXC",
          "piste:difficulty": "easy",
          "piste:grooming": "classic+skating",
          "piste:type": "nordic",
          "surface": "compacted"
        }
      },
      "geometry": {
        "type": "LineString",
        "coordinates": [
          [-618.01, 458.27, 0],
          [-599.39, 452.38, 0],
          [-586.12, 452.51, 0],
          [-557.6, 464.96, 0],
          [-518.32, 489.14, 0],
          [-501.13, 494.33, 0]
        ]
      }
    },
    {
      "type": "Feature",
      "properties": {
        "id": "way/236930697",
        "kind": "mtb-route",
        "name": null,
        "difficulty": null,
        "osmTags": {
          "route:name": "Spirit Mountain Bike Park"
        }
      },
      "geometry": {
        "type": "LineString",
        "coordinates": [
          [-319.55, 498.5, 0],
          [-321.94, 495.9, 0],
          [-323.36, 490.58, 0],
          [-325.17, 487.71, 0],
          [-326.17, 484.22, 0],
          [-326.74, 479.73, 0],
          [-326.48, 474.82, 0],
          [-326.41, 467.26, 0],
          [-324.92, 462.37, 0],
          [-322.8, 454.63, 0],
          [-321.09, 447.29, 0],
          [-319.2, 443.42, 0],
          [-316.67, 436.3, 0],
          [-315.34, 431.46, 0],
          [-313.07, 424.67, 0],
          [-311.36, 417.96, 0],
          [-311.52, 412.43, 0],
          [-311.47, 407.73, 0],
          [-309.37, 403.46, 0],
          [-309.33, 399.78, 0],
          [-309.69, 393.65, 0],
          [-309.42, 387.51, 0],
          [-308.14, 382.63, 0],
          [-305.43, 377.13, 0],
          [-302.5, 371.85, 0],
          [-302.47, 368.78, 0],
          [-302.57, 363.94, 0],
          [-303.39, 358.56, 0],
          [-302.75, 355.3, 0],
          [-301.26, 349.79, 0],
          [-299.76, 343.67, 0],
          [-299.5, 338.36, 0],
          [-296.98, 332.05, 0],
          [-294.27, 327.18, 0],
          [-291.08, 321.34, 0],
          [-287.62, 318.45, 0],
          [-286.37, 316.01, 0],
          [-284.48, 311.94, 0],
          [-287.32, 309.25, 0],
          [-289.95, 305.96, 0],
          [-289.45, 301.33, 0],
          [-286, 299.86, 0],
          [-281.7, 300.32, 0],
          [-276.79, 301.19, 0],
          [-270.23, 302.48, 0],
          [-264.71, 303.97, 0],
          [-261.25, 306.66, 0],
          [-258.16, 309.4, 0],
          [-255.57, 312.64, 0],
          [-252.3, 313.49, 0],
          [-249.01, 312.5, 0],
          [-245.43, 308.3, 0],
          [-242.17, 304.6, 0],
          [-240.9, 300.72, 0],
          [-241.07, 296.84, 0],
          [-241.42, 291.12, 0],
          [-240.56, 287.24, 0],
          [-238.48, 283.99, 0],
          [-235.78, 280.75, 0],
          [-235.14, 278.1, 0],
          [-233.47, 274.85, 0],
          [-232.61, 270.56, 0],
          [-233.18, 267.08, 0],
          [-235.62, 265.01, 0],
          [-243.08, 262.68, 0],
          [-241.93, 259.84, 0],
          [-239.46, 259.25, 0],
          [-235.97, 258.46, 0],
          [-230.99, 257.08, 0],
          [-230.78, 254.63, 0],
          [-235.1, 252.75, 0],
          [-237.12, 250.69, 0],
          [-236.88, 247.76, 0],
          [-234.41, 245.81, 0],
          [-229.11, 246.32, 0],
          [-226.95, 243.83, 0],
          [-228.19, 239.74, 0],
          [-228.57, 235.86, 0],
          [-230.56, 230.31, 0],
          [-231.14, 225.61, 0],
          [-228.08, 219.39, 0],
          [-226.34, 217.69, 0],
          [-223.43, 214.45, 0],
          [-221.23, 211.44, 0],
          [-220.32, 210.19, 0],
          [-218.25, 207.75, 0],
          [-215.54, 204.1, 0],
          [-212.63, 200.04, 0],
          [-209.92, 195.57, 0],
          [-206.6, 191.72, 0],
          [-202.88, 188.08, 0],
          [-198.76, 186.49, 0],
          [-195.63, 186.07, 0],
          [-192.61, 186.55, 0],
          [-187.8, 188.02, 0],
          [-184.39, 188.12, 0],
          [-182.26, 186.73, 0],
          [-184.76, 179.88, 0],
          [-185.28, 176.48, 0],
          [-184.87, 174.32, 0],
          [-183.26, 173.56, 0],
          [-180.34, 174.48, 0],
          [-177.55, 176.69, 0],
          [-174.22, 180.19, 0],
          [-171.19, 182.86, 0],
          [-168.5, 185.56, 0],
          [-166.42, 185.49, 0],
          [-165, 182.83, 0],
          [-168.33, 178, 0],
          [-170.36, 174.81, 0],
          [-172.16, 171.63, 0],
          [-175, 168.53, 0],
          [-176.36, 165.73, 0],
          [-181.93, 161.13, 0],
          [-185.43, 158.68, 0],
          [-185.94, 155.82, 0],
          [-182.84, 153.71, 0],
          [-177.96, 154.11, 0],
          [-175.48, 155.45, 0],
          [-171.76, 156.78, 0],
          [-168.54, 157.76, 0],
          [-164.49, 163.95, 0],
          [-158.54, 168.28, 0],
          [-156.49, 166.73, 0],
          [-156.36, 164.19, 0],
          [-158.72, 159.9, 0],
          [-159.3, 157.24, 0],
          [-159.48, 153.76, 0],
          [-160.47, 150.48, 0],
          [-162.9, 147.8, 0],
          [-163.89, 144.53, 0],
          [-167.51, 141.11, 0],
          [-170.1, 137.09, 0],
          [-168.57, 134.39, 0],
          [-165.91, 133.89, 0],
          [-161.37, 136.98, 0],
          [-159.12, 138.85, 0],
          [-156.89, 140.92, 0],
          [-154.45, 142.58, 0],
          [-150.51, 143.92, 0],
          [-146.5, 146.75, 0],
          [-144.78, 148.25, 0],
          [-143.66, 152.59, 0],
          [-140.96, 153.93, 0],
          [-138.1, 152.8, 0],
          [-137.72, 150.41, 0],
          [-139.7, 144.56, 0],
          [-139.87, 140.88, 0],
          [-139.83, 137, 0],
          [-139.38, 132.5, 0],
          [-139.88, 127.66, 0],
          [-139.67, 122.8, 0],
          [-139.74, 118.65, 0],
          [-138.71, 116.32, 0],
          [-135.94, 115.76, 0],
          [-133.9, 118.05, 0],
          [-131.67, 120.12, 0],
          [-129.85, 122.58, 0],
          [-128.44, 125.05, 0],
          [-127.03, 127.52, 0],
          [-125.37, 130.67, 0],
          [-123.01, 135.32, 0],
          [-121.59, 139.39, 0],
          [-119.39, 140.36, 0],
          [-117.45, 139.09, 0],
          [-116.44, 135.19, 0],
          [-115.59, 132.13, 0],
          [-114.94, 128.04, 0],
          [-114.06, 122.95, 0],
          [-113.94, 117.78, 0],
          [-113.75, 112.66, 0],
          [-114.66, 108.23, 0],
          [-114.02, 104.81, 0],
          [-111.79, 103.18, 0],
          [-108.54, 103.94, 0],
          [-107.22, 106.1, 0],
          [-105.32, 109.75, 0],
          [-103.3, 112.42, 0],
          [-101.07, 115.31, 0],
          [-98.25, 120.24, 0],
          [-96.94, 122.65, 0],
          [-92.77, 126.15, 0],
          [-87.16, 129.19, 0],
          [-83.33, 133.62, 0],
          [-81.79, 135.12, 0],
          [-78.34, 138.63, 0],
          [-75.51, 142.34, 0],
          [-73.29, 146.24, 0],
          [-70.66, 149.75, 0],
          [-67.82, 152.43, 0],
          [-64.78, 155.73, 0],
          [-61.52, 158.83, 0],
          [-59.06, 163.11, 0],
          [-58.06, 165.95, 0],
          [-54.99, 169.58, 0],
          [-52.58, 170.07, 0],
          [-50.72, 169.26, 0],
          [-50.51, 165, 0],
          [-48.65, 162.82, 0],
          [-45.83, 163.05, 0],
          [-43.41, 167.8, 0],
          [-41.73, 171.14, 0],
          [-38.86, 171.89, 0],
          [-37.05, 170.72, 0],
          [-35.86, 165.03, 0],
          [-33.54, 161.93, 0],
          [-29.55, 159.56, 0],
          [-28.49, 156.5, 0],
          [-28.44, 151.8, 0],
          [-31.25, 148.14, 0],
          [-36.39, 142.6, 0],
          [-37.65, 139.47, 0],
          [-36.72, 137.34, 0],
          [-34.59, 137.47, 0],
          [-27.98, 142.4, 0],
          [-23.58, 146.97, 0],
          [-15.57, 155.47, 0],
          [-13.28, 159.33, 0],
          [-11.28, 161.73, 0],
          [-8.11, 162, 0],
          [-6.15, 159.89, 0],
          [-6.81, 157.26, 0],
          [-9.75, 153.15, 0],
          [-13.63, 148.45, 0],
          [-14.96, 144.48, 0],
          [-15.98, 138.48, 0],
          [-19.01, 133.58, 0],
          [-21.81, 126.61, 0],
          [-24.29, 119.17, 0],
          [-23.01, 117.01, 0],
          [-20.78, 116.74, 0],
          [-16.23, 121.72, 0],
          [-5.54, 131.44, 0],
          [0.94, 136.96, 0],
          [6.62, 143.55, 0],
          [13.2, 150.2, 0],
          [16.73, 154.44, 0],
          [19.58, 154.16, 0],
          [21.26, 152.55, 0],
          [20.7, 149.12, 0],
          [17.99, 144.95, 0],
          [14.12, 138.92, 0],
          [8.45, 131.01, 0],
          [4.63, 123.18, 0],
          [1.08, 118.17, 0],
          [-0.58, 115.74, 0],
          [-3.73, 110.78, 0],
          [-6.15, 107.31, 0],
          [-5.69, 104.87, 0],
          [-2.96, 105.11, 0],
          [1.39, 109.64, 0],
          [7.82, 116, 0],
          [12.74, 122.9, 0],
          [15.33, 125.24, 0],
          [17.96, 124.89, 0],
          [19.88, 122.45, 0],
          [18.97, 118.32, 0],
          [16.55, 114.69, 0],
          [12.96, 108.95, 0],
          [10.83, 100.76, 0],
          [6.71, 95.5, 0],
          [6.12, 92.89, 0],
          [8.35, 90.57, 0],
          [10.67, 90.81, 0],
          [15.2, 95.05, 0],
          [22.08, 104.27, 0],
          [25.94, 105, 0],
          [28.57, 103.35, 0],
          [29.32, 98.91, 0],
          [28.85, 93.03, 0],
          [31.63, 87.4, 0],
          [32.55, 82.55, 0],
          [28.94, 76.35, 0],
          [26.33, 69.16, 0],
          [28.19, 66.53, 0],
          [34.84, 67.64, 0],
          [40.89, 69.14, 0],
          [47.86, 68.8, 0],
          [51.19, 64.34, 0],
          [55.33, 60.3, 0],
          [60.7, 55.85, 0],
          [66.06, 53.86, 0],
          [70.97, 53.91, 0],
          [77.53, 55.21, 0],
          [83.28, 54.03, 0],
          [88.65, 50, 0],
          [92.79, 45.96, 0],
          [100.8, 43.87, 0],
          [104.59, 44.4, 0],
          [108.36, 47.33, 0],
          [116.1, 52.27, 0],
          [122.03, 54.65, 0],
          [125.65, 54.38, 0],
          [129.13, 52.01, 0],
          [131.75, 46.35, 0],
          [130.97, 41.03, 0],
          [128.56, 35.68, 0],
          [123.69, 31.14, 0],
          [120.08, 23.34, 0],
          [123.22, 17.39, 0]
        ]
      }
    },
    {
      "type": "Feature",
      "properties": {
        "id": "way/236932775",
        "kind": "mtb-route",
        "name": null,
        "difficulty": null,
        "osmTags": {
          "route:name": "Spirit Mountain Bike Park"
        }
      },
      "geometry": {
        "type": "LineString",
        "coordinates": [
          [-326.77, 41.6, 0],
          [-319.84, 36.6, 0],
          [-317.94, 29.54, 0],
          [-321.76, 12.38, 0],
          [-324.68, -1.15, 0],
          [-330.3, -25.23, 0],
          [-333.74, -44.57, 0],
          [-336.41, -54.45, 0],
          [-338.7, -76.3, 0],
          [-339.28, -89.73, 0],
          [-339.42, -95.87, 0],
          [-339.32, -105.47, 0],
          [-339.66, -113.24, 0],
          [-339.38, -120.4, 0],
          [-337.86, -129.17, 0],
          [-336.34, -138.56, 0],
          [-336.66, -146.53, 0],
          [-337.63, -154.11, 0],
          [-335.33, -156.74, 0],
          [-332.48, -157.73, 0],
          [-330.42, -156.48, 0],
          [-326.99, -152.16, 0],
          [-323.77, -146.6, 0],
          [-321.94, -142.7, 0],
          [-320.54, -138.6, 0],
          [-319.58, -132.67, 0],
          [-318.59, -128.37, 0],
          [-317.67, -124.37, 0],
          [-315.93, -121.95, 0],
          [-313.24, -122.09, 0],
          [-310.68, -123.81, 0],
          [-309.48, -128.29, 0],
          [-309.95, -134.83, 0],
          [-311.26, -139.47, 0],
          [-312.31, -143.01, 0],
          [-311.8, -144.79, 0],
          [-309.17, -144.98, 0],
          [-306.28, -143.39, 0],
          [-303.1, -140.47, 0],
          [-300.67, -137.59, 0],
          [-299.08, -132.48, 0],
          [-297.17, -129.78, 0],
          [-294.47, -129.49, 0],
          [-291.69, -131.08, 0],
          [-292.05, -137.51, 0],
          [-293.49, -140.38, 0],
          [-295.71, -143.88, 0],
          [-297.92, -146.15, 0],
          [-299.33, -148.2, 0],
          [-300.35, -150.06, 0],
          [-298.7, -151.68, 0],
          [-296.83, -152.68, 0],
          [-295.38, -153.28, 0],
          [-293.53, -155.91, 0],
          [-293.07, -158.77, 0],
          [-293.47, -160.81, 0],
          [-293.64, -163.49, 0],
          [-291.54, -164.69, 0],
          [-282.59, -161.94, 0],
          [-278.91, -159.86, 0],
          [-276.47, -157.79, 0],
          [-272.52, -155.22, 0],
          [-268.28, -157.09, 0],
          [-263.94, -160.73, 0],
          [-260.44, -161.51, 0],
          [-254.92, -160.03, 0],
          [-250.23, -158.14, 0],
          [-245.75, -156.46, 0],
          [-242.7, -152.34, 0],
          [-240.08, -149.46, 0],
          [-239.48, -145.98, 0],
          [-239.11, -142.49, 0],
          [-237.49, -139.41, 0],
          [-236.28, -137.77, 0],
          [-234.86, -136.32, 0],
          [-231.99, -135.89, 0],
          [-229.5, -138.52, 0],
          [-227.22, -141.76, 0],
          [-224.93, -145.22, 0],
          [-223.64, -150.72, 0],
          [-223.41, -155.63, 0],
          [-223.96, -162.38, 0],
          [-225.53, -167.5, 0],
          [-226.13, -171.39, 0],
          [-226.92, -174.06, 0],
          [-226.83, -176.51, 0],
          [-224.56, -178.69, 0],
          [-220.47, -177.16, 0],
          [-218.68, -175, 0],
          [-215.23, -171.7, 0],
          [-210.16, -169.39, 0],
          [-206.46, -167.52, 0],
          [-203.19, -166.05, 0],
          [-200.97, -163.17, 0],
          [-198.73, -161.11, 0],
          [-196.53, -157, 0],
          [-194.33, -156.36, 0],
          [-192.07, -158.29, 0],
          [-192.06, -162.2, 0],
          [-193.38, -165.14, 0],
          [-194.37, -168.42, 0],
          [-196.37, -172.32, 0],
          [-198.2, -175.89, 0],
          [-198.35, -178.88, 0],
          [-197.5, -182.55, 0],
          [-196.28, -186.05, 0],
          [-192.98, -187.38, 0],
          [-190.08, -186.16, 0],
          [-186.2, -184.49, 0],
          [-183.34, -182.61, 0],
          [-179.43, -183.81, 0],
          [-176.34, -186.22, 0],
          [-174.63, -189.93, 0],
          [-174.24, -193.77, 0],
          [-175.2, -197.87, 0],
          [-175.99, -200.32, 0],
          [-178.19, -205.82, 0],
          [-177.78, -209.86, 0],
          [-175.92, -211.69, 0],
          [-171.94, -211.77, 0],
          [-169.29, -210.36, 0],
          [-161.82, -202.71, 0],
          [-155.93, -196.24, 0],
          [-150.95, -191.2, 0],
          [-148.32, -186.99, 0],
          [-146.28, -186.19, 0],
          [-144.02, -187.32, 0],
          [-142.2, -190.13, 0],
          [-142.26, -193.82, 0],
          [-143.76, -199.48, 0],
          [-145.01, -206.97, 0],
          [-146.44, -213.73, 0],
          [-147.16, -219.51, 0],
          [-149.07, -222.58, 0],
          [-150.54, -227.5, 0],
          [-149.63, -230.16, 0],
          [-147.24, -233.33, 0],
          [-143.52, -235.69, 0],
          [-139.46, -236.45, 0],
          [-132.43, -236.94, 0],
          [-127.85, -237.86, 0],
          [-124.33, -240.89, 0],
          [-121.01, -244.75, 0],
          [-118.09, -249.62, 0],
          [-115.79, -253.89, 0],
          [-115.13, -258.96, 0],
          [-112.51, -263.72, 0],
          [-109.59, -266.45, 0],
          [-104.84, -267.07, 0],
          [-99.91, -264.63, 0],
          [-97.15, -260.05, 0],
          [-95.29, -256.34, 0],
          [-93.25, -253.26, 0],
          [-91.44, -250.79, 0],
          [-88.96, -250.3, 0],
          [-86.28, -251.43, 0],
          [-85.35, -256.69, 0],
          [-83.95, -259.04, 0],
          [-81.59, -264.24, 0],
          [-77.18, -268.3, 0],
          [-71.3, -267.34, 0],
          [-67.74, -263.63, 0],
          [-64.17, -257.92, 0],
          [-59.66, -256.37, 0],
          [-55.51, -257.16, 0],
          [-52.3, -255.68, 0],
          [-49.74, -252.74, 0],
          [-39.83, -247.6, 0]
        ]
      }
    },
    {
      "type": "Feature",
      "properties": {
        "id": "way/621838330",
        "kind": "mtb-route",
        "name": null,
        "difficulty": null,
        "osmTags": {
          "route:name": "Spirit Mountain Bike Park"
        }
      },
      "geometry": {
        "type": "LineString",
        "coordinates": [
          [6.35, 764.49, 0],
          [17.7, 770.76, 0],
          [30.87, 778.08, 0],
          [35.06, 783.17, 0],
          [37.88, 783.53, 0],
          [39.76, 781.04, 0],
          [39.56, 776.81, 0],
          [36.11, 774.71, 0],
          [17.94, 766.66, 0],
          [16.99, 764.35, 0],
          [20.6, 758.32, 0],
          [28.34, 752.86, 0],
          [47.64, 746.91, 0],
          [62.56, 746.33, 0],
          [72.11, 742.29, 0],
          [95.34, 733.41, 0],
          [98.9, 732.85, 0],
          [100.66, 735.26, 0],
          [99.44, 738.34, 0],
          [96.65, 740.03, 0],
          [89.69, 742.55, 0],
          [87.31, 745.47, 0],
          [87.32, 748.84, 0],
          [90.49, 749.83, 0],
          [93.66, 748.91, 0],
          [98.33, 744.17, 0],
          [111.22, 741.4, 0],
          [115.46, 740.73, 0],
          [121.89, 744.6, 0],
          [140.11, 749.09, 0],
          [160.3, 758.23, 0],
          [180.27, 750.73, 0],
          [185.3, 750.42, 0],
          [190.21, 752.36, 0],
          [193.73, 756.28, 0],
          [202.13, 779.15, 0],
          [210.62, 788.15, 0],
          [214.32, 789.48, 0],
          [218.57, 789.79, 0],
          [233.62, 786.41, 0],
          [243.01, 787.66, 0],
          [249.5, 790.78, 0],
          [266.83, 787.55, 0],
          [274.17, 783.78, 0],
          [278.42, 777.05, 0],
          [287.05, 770.1, 0],
          [289.56, 768.98, 0],
          [297.08, 768.89, 0],
          [301.25, 771.26, 0],
          [302.64, 773.61, 0],
          [310.81, 787.6, 0],
          [314.94, 790.91, 0],
          [333.93, 801.31, 0],
          [351.04, 812.51, 0],
          [352.85, 812.99, 0],
          [354.03, 811.83, 0],
          [354.43, 801.51, 0],
          [355.54, 796.18, 0],
          [361.42, 791.07, 0],
          [378.34, 789.08, 0],
          [390.66, 786.75, 0],
          [402.69, 772.98, 0],
          [414.85, 746.13, 0],
          [417.55, 722.44, 0],
          [428.33, 701.04, 0],
          [429.97, 698.74, 0],
          [435.08, 691.56, 0],
          [452.91, 671.3, 0],
          [461.03, 667.26, 0],
          [472.74, 661.82, 0],
          [492.47, 655.97, 0],
          [504.11, 656.41, 0],
          [511.1, 660.53, 0]
        ]
      }
    },
    {
      "type": "Feature",
      "properties": {
        "id": "way/621838332",
        "kind": "mtb-route",
        "name": null,
        "difficulty": null,
        "osmTags": {
          "route:name": "Spirit Mountain Bike Park"
        }
      },
      "geometry": {
        "type": "LineString",
        "coordinates": [
          [-227.94, 633.85, 0],
          [-226.6, 628.17, 0],
          [-218.77, 595.11, 0],
          [-207.85, 568.23, 0],
          [-206.39, 545.77, 0],
          [-191.83, 524.66, 0],
          [-184.63, 501.43, 0],
          [-174.69, 491.32, 0],
          [-154.63, 494.78, 0],
          [-141.39, 483.06, 0],
          [-129.98, 470.01, 0],
          [-113.79, 470.25, 0],
          [-98.49, 457.2, 0],
          [-82.83, 456.73, 0],
          [-74.58, 460.16, 0],
          [-62.79, 445.74, 0],
          [-54.22, 440.41, 0],
          [-34.54, 443.26, 0],
          [-19.4, 448.67, 0],
          [-7.25, 465.39, 0],
          [2.68, 468.56, 0],
          [13.35, 469.8, 0],
          [20.18, 470.84, 0],
          [24.92, 467.89, 0],
          [27.48, 463.18, 0],
          [26.25, 453.29, 0],
          [28.02, 448.05, 0],
          [33.46, 446.07, 0],
          [39.19, 446.44, 0],
          [46.32, 452.19, 0],
          [50.93, 460.12, 0],
          [68.01, 465.92, 0],
          [72.41, 465.37, 0],
          [78.9, 452.76, 0],
          [82.19, 447.81, 0],
          [86.17, 447.44, 0],
          [90.6, 450.36, 0],
          [96.67, 450.55, 0],
          [106.01, 447.52, 0],
          [126.07, 453.76, 0],
          [152.76, 447.57, 0],
          [167.63, 432.36, 0],
          [174.64, 432.67, 0],
          [185.2, 441.97, 0],
          [197.48, 445.36, 0],
          [208.36, 443.02, 0],
          [219.91, 436.19, 0],
          [225.75, 434.98, 0],
          [234.38, 435.71, 0],
          [241.93, 439.93, 0],
          [245.05, 444.41, 0],
          [257.02, 457.2, 0],
          [269.65, 465.09, 0],
          [280.95, 462.76, 0],
          [283.77, 459.49, 0],
          [286.55, 456.27, 0],
          [295.49, 443.89, 0],
          [313.2, 435.69, 0],
          [328.4, 434.82, 0],
          [343.24, 439.09, 0],
          [364.14, 444.03, 0],
          [375.96, 442.12, 0],
          [381.08, 446.07, 0],
          [394.33, 462.46, 0],
          [415.04, 482.7, 0],
          [427.79, 498.15, 0],
          [443.06, 513.68, 0],
          [461.15, 525.26, 0],
          [479.31, 533.21, 0],
          [496.37, 540.75, 0],
          [501.43, 542.98, 0]
        ]
      }
    },
    {
      "type": "Feature",
      "properties": {
        "id": "way/621838337",
        "kind": "mtb-route",
        "name": null,
        "difficulty": null,
        "osmTags": {
          "route:name": "Spirit Mountain Bike Park"
        }
      },
      "geometry": {
        "type": "LineString",
        "coordinates": [
          [360.53, 1120.68, 0],
          [355.02, 1110.1, 0],
          [349.03, 1094.91, 0],
          [337.26, 1082.54, 0],
          [327.13, 1070.59, 0],
          [326.98, 1065.72, 0],
          [330.08, 1062.85, 0],
          [333.7, 1061.62, 0],
          [343.18, 1065.03, 0],
          [361.45, 1083.19, 0],
          [373.45, 1096.3, 0],
          [377.01, 1097.36, 0],
          [380.6, 1094.83, 0],
          [374.56, 1084.54, 0],
          [367.33, 1068.95, 0],
          [358.86, 1054.96, 0],
          [360.07, 1048.44, 0],
          [364.28, 1046.43, 0],
          [368.61, 1048.16, 0],
          [373.81, 1056.24, 0],
          [386.26, 1061.78, 0],
          [393.36, 1065.12, 0],
          [399.49, 1075.44, 0],
          [403.4, 1077.67, 0],
          [407.35, 1076.02, 0],
          [409.68, 1072.75, 0],
          [407.19, 1059.95, 0],
          [397.28, 1057.97, 0],
          [384.32, 1043.37, 0],
          [384.61, 1030.82, 0],
          [386.04, 1027.34, 0],
          [390.19, 1026.29, 0],
          [393.88, 1027.42, 0],
          [399.99, 1033.3, 0],
          [403.21, 1032.11, 0],
          [402.75, 1028.83, 0],
          [406.39, 1025.52, 0],
          [410.58, 1032.83, 0],
          [419.55, 1045.93, 0],
          [426.6, 1054.01, 0],
          [434.29, 1056.05, 0],
          [444.19, 1065.84, 0],
          [451.12, 1070.26, 0],
          [454.22, 1075.9, 0],
          [457.57, 1078.41, 0],
          [462.73, 1076.76, 0],
          [464.69, 1071.84, 0],
          [455.99, 1053.91, 0],
          [455.83, 1051.38, 0],
          [459.04, 1049.64, 0],
          [465.32, 1057.16, 0],
          [467.9, 1058.06, 0],
          [470.44, 1057.29, 0],
          [474.22, 1052.2, 0],
          [478.83, 1039.86, 0],
          [476.38, 1025.93, 0],
          [476.07, 1024.2, 0],
          [480.39, 1011.71, 0],
          [492.2, 998.19, 0],
          [495.49, 997.31, 0],
          [503.48, 1000.3, 0],
          [507.5, 999.61, 0],
          [512.5, 992.58, 0],
          [517.97, 992.09, 0],
          [521.77, 994.85, 0],
          [526.77, 1005.45, 0],
          [529.81, 1011.66, 0],
          [536.44, 1023.54, 0],
          [537.03, 1036.45, 0],
          [536.58, 1045.17, 0],
          [539.29, 1047.74, 0],
          [542.78, 1047.62, 0],
          [546.4, 1044.09, 0],
          [548.32, 1037.76, 0],
          [549.44, 1031.81, 0],
          [547.91, 1025.32, 0],
          [548.47, 1023.08, 0],
          [550.2, 1022.97, 0],
          [552.68, 1026.42, 0],
          [555.18, 1028.71, 0],
          [561.02, 1028.23, 0],
          [568.49, 1024.29, 0]
        ]
      }
    },
    {
      "type": "Feature",
      "properties": {
        "id": "way/621838340",
        "kind": "mtb-route",
        "name": null,
        "difficulty": null,
        "osmTags": {
          "route:name": "Spirit Mountain Bike Park"
        }
      },
      "geometry": {
        "type": "LineString",
        "coordinates": [
          [98.75, 1119.96, 0],
          [103.1, 1169.7, 0],
          [111.48, 1233.95, 0],
          [112.85, 1240.95, 0],
          [113.58, 1250.78, 0],
          [115.5, 1254.63, 0],
          [120.29, 1255.88, 0],
          [126.29, 1251.45, 0],
          [135.72, 1228.88, 0],
          [135.44, 1216.21, 0],
          [134.32, 1204.34, 0],
          [134.5, 1187.18, 0],
          [127.71, 1169.13, 0],
          [131.2, 1147.91, 0],
          [137.57, 1125.5, 0],
          [143.84, 1114.53, 0],
          [150.94, 1105.15, 0],
          [156.31, 1104.61, 0],
          [167.46, 1107.34, 0],
          [172.42, 1121.14, 0],
          [177.8, 1162.28, 0],
          [180.55, 1173.34, 0],
          [195.59, 1186.57, 0],
          [202.66, 1218.1, 0],
          [198.36, 1237.67, 0],
          [200.27, 1251.18, 0],
          [192.7, 1271.13, 0],
          [188.18, 1279.08, 0],
          [191, 1282.21, 0],
          [197.19, 1279.64, 0],
          [207.99, 1273.25, 0],
          [219.49, 1267.4, 0],
          [230.82, 1260.5, 0],
          [241.74, 1260.08, 0],
          [258.72, 1251.48, 0],
          [268.25, 1248.76, 0],
          [290.6, 1248.64, 0],
          [302.08, 1251.38, 0],
          [324.05, 1245.16, 0],
          [331.1, 1244.84, 0],
          [339.69, 1243.53, 0]
        ]
      }
    },
    {
      "type": "Feature",
      "properties": {
        "id": "way/621838344",
        "kind": "mtb-route",
        "name": null,
        "difficulty": null,
        "osmTags": {
          "route:name": "Spirit Mountain Bike Park"
        }
      },
      "geometry": {
        "type": "LineString",
        "coordinates": [
          [-112.18, 1351.69, 0],
          [-104.81, 1353.85, 0],
          [-85.25, 1355.3, 0],
          [-82.67, 1358.14, 0],
          [-83.92, 1364.03, 0],
          [-102.32, 1380.25, 0],
          [-100.97, 1393.68, 0],
          [-96.03, 1404.34, 0],
          [-77.68, 1413.93, 0],
          [-42.03, 1415.1, 0],
          [-3.14, 1420.8, 0],
          [11.01, 1428.68, 0],
          [19.83, 1419.8, 0],
          [35.53, 1408.11, 0],
          [39.75, 1406.53, 0],
          [48.99, 1410.4, 0],
          [51.6, 1410.38, 0],
          [61.11, 1404.86, 0],
          [61.93, 1401.28, 0],
          [60.42, 1399.35, 0],
          [57.79, 1393.76, 0],
          [59.43, 1383.88, 0],
          [85.22, 1369.2, 0],
          [117.74, 1346, 0],
          [149.53, 1323.42, 0],
          [178.09, 1303.37, 0],
          [188.87, 1297.24, 0],
          [200.65, 1295.74, 0],
          [217.9, 1282.19, 0],
          [222.8, 1281.45, 0],
          [244.22, 1284.73, 0],
          [267.67, 1276.79, 0],
          [283.71, 1271.63, 0],
          [314.88, 1270.72, 0],
          [335.05, 1262.35, 0],
          [339.69, 1243.53, 0]
        ]
      }
    },
    {
      "type": "Feature",
      "properties": {
        "id": "way/621838361",
        "kind": "nordic-trail",
        "name": null,
        "difficulty": "easy",
        "osmTags": {
          "highway": "service",
          "network": "Upper Spirit Mountain",
          "operator": "DXC",
          "piste:difficulty": "easy",
          "piste:grooming": "classic+skating",
          "piste:oneway": "yes",
          "piste:type": "nordic",
          "surface": "compacted"
        }
      },
      "geometry": {
        "type": "LineString",
        "coordinates": [
          [-662.91, 369.66, 0],
          [-626.15, 366.32, 0],
          [-615.83, 366.68, 0],
          [-611.95, 366.82, 0],
          [-598.15, 367.3, 0],
          [-581.68, 374.46, 0],
          [-574.86, 380.76, 0],
          [-572.58, 382.86, 0],
          [-568.19, 386.92, 0],
          [-563.32, 402.3, 0],
          [-566.6, 413.75, 0],
          [-571.31, 423.43, 0],
          [-572.6, 426.06, 0],
          [-575.99, 432.68, 0],
          [-578.25, 437.11, 0],
          [-586.12, 452.51, 0]
        ]
      }
    },
    {
      "type": "Feature",
      "properties": {
        "id": "way/621838363",
        "kind": "nordic-trail",
        "name": null,
        "difficulty": "intermediate",
        "osmTags": {
          "highway": "path",
          "network": "Upper Spirit Mountain",
          "operator": "DXC",
          "piste:difficulty": "intermediate",
          "piste:grooming": "classic+skating",
          "piste:oneway": "yes",
          "piste:type": "nordic"
        }
      },
      "geometry": {
        "type": "LineString",
        "coordinates": [
          [-543.77, 588.83, 0],
          [-539.44, 599.46, 0],
          [-540.02, 614.41, 0],
          [-532.01, 633.28, 0],
          [-514.15, 651.45, 0],
          [-499.63, 676.93, 0],
          [-499.83, 697.36, 0],
          [-519.62, 707.79, 0],
          [-535.15, 701.91, 0],
          [-548.88, 680.53, 0],
          [-575.95, 682.72, 0],
          [-608.1, 699.56, 0],
          [-616.53, 722.37, 0]
        ]
      }
    },
    {
      "type": "Feature",
      "properties": {
        "id": "way/924551646",
        "kind": "mtb-trail",
        "name": "Keene (Duluth Traverse)",
        "difficulty": "1",
        "osmTags": {
          "bicycle": "designated",
          "difficulty": "easy",
          "foot": "yes",
          "highway": "cycleway",
          "mtb:scale": "1",
          "mtb:scale:imba": "1",
          "name": "Keene (Duluth Traverse)",
          "oneway": "no",
          "surface": "dirt"
        }
      },
      "geometry": {
        "type": "LineString",
        "coordinates": [
          [2658.26, 3229.28, 0],
          [2656.71, 3236.29, 0],
          [2659.5, 3242.94, 0],
          [2660.75, 3248.58, 0],
          [2659.69, 3253.51, 0],
          [2654.49, 3255.44, 0],
          [2650.1, 3257.93, 0],
          [2646.19, 3260.92, 0],
          [2641.52, 3267.51, 0],
          [2636.87, 3270.84, 0],
          [2629.45, 3274.03, 0],
          [2627.17, 3275.69, 0],
          [2626.17, 3277.72, 0],
          [2626.25, 3281.11, 0],
          [2626.37, 3284.27, 0],
          [2626.57, 3286.07, 0],
          [2628.57, 3292.13, 0],
          [2629.73, 3296.85, 0],
          [2629.34, 3299.75, 0],
          [2628.21, 3302.76, 0],
          [2625.27, 3305.63, 0],
          [2621.53, 3307.99, 0],
          [2616.41, 3309.73, 0],
          [2611.7, 3310.84, 0],
          [2604.46, 3312.81, 0],
          [2595.38, 3314.03, 0],
          [2589.88, 3312.64, 0],
          [2580.53, 3311.89, 0],
          [2573.7, 3313.7, 0],
          [2569.46, 3315.03, 0],
          [2563.63, 3321.46, 0],
          [2561.92, 3325.18, 0],
          [2559.18, 3331.9, 0],
          [2559.51, 3344.58, 0],
          [2558.53, 3362.24, 0],
          [2559.31, 3366, 0]
        ]
      }
    },
    {
      "type": "Feature",
      "properties": {
        "id": "way/942312488",
        "kind": "mtb-trail",
        "name": "Spirit Mountain (Duluth Traverse)",
        "difficulty": "1",
        "osmTags": {
          "bicycle": "designated",
          "difficulty": "easy",
          "foot": "yes",
          "highway": "cycleway",
          "mtb:scale": "1",
          "mtb:scale:imba": "1",
          "name": "Spirit Mountain (Duluth Traverse)",
          "oneway": "no",
          "surface": "dirt"
        }
      },
      "geometry": {
        "type": "LineString",
        "coordinates": [
          [597.51, 942, 0],
          [597.96, 940.12, 0],
          [598.36, 938.51, 0],
          [598.21, 935.5, 0],
          [595.81, 935.12, 0],
          [593.47, 936.43, 0],
          [591.55, 939.69, 0],
          [588.23, 948.39, 0],
          [587.58, 959.09, 0],
          [587.01, 963.84, 0],
          [585.79, 967.39, 0],
          [584.09, 968.55, 0],
          [581.81, 968.53, 0],
          [579.46, 965.25, 0],
          [578.85, 957.33, 0],
          [579.51, 949.02, 0],
          [579.92, 939.88, 0],
          [579.16, 936.29, 0],
          [577.34, 930.53, 0],
          [578.23, 927.36, 0],
          [584.21, 919.99, 0],
          [589.01, 915.71, 0],
          [598.64, 909.99, 0],
          [600.88, 909.92, 0],
          [604.91, 911.67, 0],
          [611.57, 909.4, 0],
          [615.49, 903.78, 0],
          [616.94, 897.46, 0],
          [629.43, 880.49, 0],
          [636.54, 863.62, 0],
          [656.5, 825.8, 0],
          [662.71, 814.32, 0],
          [671.13, 806.66, 0],
          [682.09, 804.19, 0],
          [693.77, 813.76, 0],
          [702.89, 822.75, 0],
          [708.25, 824.86, 0],
          [722.31, 826.62, 0],
          [727.16, 829.37, 0],
          [730, 834.25, 0],
          [734.82, 838.44, 0],
          [748.38, 836.06, 0],
          [764.72, 826.51, 0],
          [776.89, 818.9, 0],
          [784.63, 820.59, 0],
          [799.04, 827.57, 0],
          [812.48, 830.33, 0],
          [832.84, 830.21, 0],
          [844.97, 831.97, 0],
          [853.16, 834.68, 0],
          [864.03, 831.51, 0],
          [871.58, 831.58, 0],
          [881.06, 835.94, 0],
          [898.09, 841.34, 0],
          [910.29, 837.21, 0],
          [916.5, 832.97, 0],
          [925.97, 829.8, 0],
          [930.92, 831.79, 0],
          [937.76, 836.68, 0],
          [939.04, 842.61, 0],
          [936.31, 848.85, 0],
          [927.47, 861.2, 0],
          [923.95, 868.27, 0],
          [919.4, 870.36, 0],
          [912.05, 868.93, 0],
          [904.59, 867.17, 0],
          [895.88, 866.4, 0],
          [892.79, 869.53, 0],
          [892.89, 871.67, 0],
          [897.7, 876.58, 0],
          [908.83, 885.39, 0],
          [912.7, 893.98, 0],
          [915.33, 902.64, 0],
          [914.68, 912.35, 0],
          [911, 919.5, 0],
          [904.63, 925.19, 0],
          [898.1, 928.55, 0],
          [889.82, 926.12, 0],
          [884.44, 923.19, 0],
          [879.96, 919.73, 0],
          [877.06, 920.96, 0],
          [876.12, 924.9, 0],
          [878.03, 931.4, 0],
          [880.48, 944.48, 0],
          [879.8, 949.83, 0],
          [876.39, 958.78, 0],
          [873.51, 961.9, 0],
          [868.28, 964.21, 0],
          [858.46, 966.79, 0],
          [850.21, 969.69, 0],
          [845.26, 975.31, 0],
          [839.64, 984.86, 0],
          [833.23, 993.46, 0],
          [826.38, 999.06, 0],
          [817.21, 1000.38, 0],
          [812.96, 998.29, 0],
          [806.38, 993.66, 0],
          [802.52, 990.19, 0],
          [797.49, 988.04, 0],
          [794.52, 990.21, 0],
          [793.99, 997.88, 0],
          [793.7, 1012.01, 0],
          [792.73, 1018.32, 0],
          [789.28, 1025.7, 0],
          [785.98, 1034.41, 0],
          [783.75, 1037.76, 0],
          [781.03, 1039.59, 0],
          [776.45, 1041.22, 0],
          [773.04, 1044.55, 0],
          [772.83, 1048.93, 0],
          [770.69, 1060.52, 0],
          [770.74, 1072.47, 0],
          [771, 1075.31, 0],
          [769.2, 1081.45, 0],
          [766.35, 1087.01, 0],
          [766.53, 1098.74, 0],
          [767.2, 1106.38, 0],
          [780.76, 1119.81, 0],
          [793.41, 1118.75, 0],
          [801.17, 1120.56, 0],
          [816.7, 1133.22, 0],
          [825.62, 1146.21, 0],
          [828.05, 1149.85, 0],
          [833.7, 1151.14, 0],
          [839, 1153.83, 0],
          [841.54, 1157.43, 0],
          [844.56, 1164.83, 0],
          [842.98, 1174.54, 0],
          [840.83, 1179.29, 0]
        ]
      }
    },
    {
      "type": "Feature",
      "properties": {
        "id": "way/942316523",
        "kind": "mtb-trail",
        "name": "Spirit Mountain (Duluth Traverse)",
        "difficulty": "1",
        "osmTags": {
          "bicycle": "designated",
          "difficulty": "easy",
          "foot": "yes",
          "highway": "cycleway",
          "mtb:scale": "1",
          "mtb:scale:imba": "1",
          "name": "Spirit Mountain (Duluth Traverse)",
          "oneway": "no",
          "surface": "dirt"
        }
      },
      "geometry": {
        "type": "LineString",
        "coordinates": [
          [616.6, 1071.78, 0],
          [628.31, 1063.88, 0],
          [632.94, 1058.33, 0],
          [633.29, 1048.3, 0],
          [628.89, 1034.96, 0],
          [622.1, 1023.17, 0],
          [615.05, 1015.63, 0],
          [610.52, 1009.29, 0],
          [607.73, 1001.1, 0],
          [603.86, 995.16, 0],
          [595.91, 986.49, 0],
          [593.58, 981.59, 0],
          [592.56, 972.53, 0],
          [592.23, 952.66, 0],
          [592.79, 950.03, 0],
          [595.22, 947.62, 0],
          [597.51, 942, 0]
        ]
      }
    }
  ]
}
